F116,F115,F117,F120,F123,F110,F105,F68,F101,F104,F65,F22,F72,F25,F3-NA,F3-String,F3-int,F15-NA,F15-public,F126,F41,F77
-1.0,-1.0,0.09570957095709573,0.08480126588811351,0.08480126588811351,-0.8085808580858086,1.0,235,0.06537982565379825,0.37549019607843137,28,2,8134,3064,1,0,0,1,0,0,610,3546
-1.0,-1.0,0.007874015748031496,4.9971618126111155e-05,4.9971618126111155e-05,-0.9842519685039368,1.0,235,0.9868859283930058,0.5887815750371471,92,2,8134,3064,1,0,0,1,0,5,610,6969
-1.0,-1.0,0.09570957095709573,0.08480126588811351,0.08480126588811351,-0.8085808580858086,1.0,235,0.9209039548022598,0.6666666666666666,7,2,8134,3064,1,0,0,1,0,0,610,6969
-1.0,-1.0,0.0,0.081104871355322,0.081104871355322,-1.0,0.6666666666666666,6,0.9902912621359224,0.7058823529411765,13,2,7791,2804,1,0,0,1,1,0,0,6621
-1.0,-1.0,0.007874015748031496,4.9971618126111155e-05,4.9971618126111155e-05,-0.9842519685039368,1.0,88,0.2769230769230769,0.2740384615384616,11,2,8130,3021,1,0,0,1,0,0,93,6969
0.0,-1.0,0.0,4.9971618126111155e-05,4.9971618126111155e-05,-1.0,1.0,88,0.1761467889908257,0.6323024054982818,34,2,7791,2804,1,0,0,1,0,0,1,5837
-1.0,-1.0,0.007874015748031496,4.9971618126111155e-05,4.9971618126111155e-05,-0.9842519685039368,0.10344827586206896,35,0.18724279835390947,0.28152492668621704,9,2,7864,2847,1,0,0,1,0,0,10,4936
-1.0,-0.6363636363636364,0.0,0.018972308598876112,0.018972308598876112,-1.0,1.0,151,0.2333804809052334,0.17995910020449898,23,2,8134,3064,1,0,0,1,0,2,241,6969
-1.0,-1.0,0.09570957095709573,0.08480126588811351,0.08480126588811351,-0.8085808580858086,1.0,235,0.3109048723897912,1.0268817204301075,13,2,8134,3064,1,0,0,1,0,0,610,6969
-1.0,-1.0,0.02127659574468085,0.023834639568557327,0.023834639568557327,-0.9574468085106383,1.0,235,0.9656862745098042,0.5137614678899083,11,2,8134,3064,1,0,0,1,0,0,610,999
-1.0,-1.0,0.09570957095709573,0.08480126588811351,0.08480126588811351,-0.8085808580858086,0.5238095238095238,56,0.9439252336448598,0.11353711790393012,20,2,7791,2804,1,0,0,1,0,0,3,6626
0.0,-1.0,0.125,0.023834639568557327,0.023834639568557327,-0.75,1.0,235,0.9865293185419968,0.8427152317880795,49,2,8134,3064,1,0,0,1,0,0,610,6969
-1.0,-1.0,0.007874015748031496,4.9971618126111155e-05,4.9971618126111155e-05,-0.9842519685039368,1.0,151,0.5698924731182796,0.7611940298507462,11,2,8134,3064,1,0,0,1,0,0,241,6969
0.0,0.0,0.0,0.42773363918857626,0.42773363918857626,-1.0,0.6,39,0.6255924170616114,0.12790697674418605,4,2,7394,117,1,0,0,1,0,0,73,763
-1.0,-1.0,0.0,0.023834639568557327,0.023834639568557327,-1.0,0.4864864864864865,8,0.541507024265645,0.608922638822971,166,1,8134,3064,1,0,0,1,0,0,0,6969
-1.0,-1.0,0.09570957095709573,0.08480126588811351,0.08480126588811351,-0.8085808580858086,1.0,235,0.8318703578663066,0.6282853566958698,20,2,8134,3064,1,0,0,1,0,0,610,2244
-1.0,-1.0,0.06349206349206349,0.08480126588811351,0.08480126588811351,-0.873015873015873,1.0,235,0.7554744525547445,0.3439306358381503,13,2,8134,3064,1,0,0,1,0,0,610,6969
-1.0,-1.0,0.01098901098901099,4.9971618126111155e-05,4.9971618126111155e-05,-0.978021978021978,1.0,53,0.35200000000000004,0.7622950819672131,8,2,8134,3064,1,0,0,1,0,0,3,6969
-1.0,-1.0,0.2608695652173913,0.018972308598876112,0.018972308598876112,-0.4782608695652174,1.0,235,0.6606375763056749,0.5846464646464646,124,2,8134,3064,1,0,0,1,0,18,610,6969
-1.0,-1.0,0.06349206349206349,0.08480126588811351,0.08480126588811351,-0.873015873015873,1.0,5,0.187039764359352,0.2302325581395349,29,2,8134,3064,1,0,0,1,0,0,0,6969
-1.0,-1.0,0.0,0.08480126588811351,0.08480126588811351,-1.0,1.0,235,0.27502338634237605,0.5847457627118644,23,2,8134,3064,1,0,0,1,0,0,610,6969
-1.0,-1.0,0.020833333333333332,0.0463645668132449,0.0463645668132449,-0.9375,0.1111111111111111,4,0.7831325301204819,0.6086956521739131,4,1,13323,862,1,0,0,1,0,0,0,8272
-1.0,-1.0,0.007874015748031496,4.9971618126111155e-05,4.9971618126111155e-05,-0.9842519685039368,1.0,52,0.4779874213836478,1.0147058823529411,7,2,8134,3064,1,0,0,1,0,0,124,6969
-1.0,-1.0,0.020833333333333332,3.2208844613994704e-05,3.2208844613994704e-05,-0.9583333333333334,0.6666666666666666,235,0.8046218487394958,0.11204481792717087,27,1,8134,3064,1,0,1,1,0,0,610,6969
-1.0,-1.0,0.007874015748031496,4.9971618126111155e-05,4.9971618126111155e-05,-0.9842519685039368,1.0,39,0.14452709883103082,0.8533333333333334,40,2,8134,3064,1,0,0,1,0,0,0,6969
-1.0,-0.7777777777777778,0.09570957095709573,0.08480126588811351,0.08480126588811351,-0.8085808580858086,1.0,151,0.5752015568529331,0.4714481498401096,43,2,8134,3064,1,0,0,1,0,0,241,6969
-1.0,-1.0,0.0,0.08480126588811351,0.08480126588811351,-1.0,0.6,235,0.7368421052631579,0.25146198830409355,5,3,3012,1217,1,0,0,1,0,0,610,1650
-1.0,-1.0,0.09570957095709573,0.08480126588811351,0.08480126588811351,-0.8085808580858086,1.0,151,0.4990706319702602,0.5778145695364238,14,2,8134,3064,1,1,0,1,0,0,241,2337
0.0,-0.6,0.04651162790697674,0.08480126588811351,0.08480126588811351,-0.9069767441860463,1.0,151,0.19140625,0.2901353965183752,16,2,8134,3064,1,0,0,1,0,2,241,6969
-1.0,-0.3877551020408163,0.09570957095709573,0.08480126588811351,0.08480126588811351,-0.8085808580858086,1.0,52,0.6305595905097876,0.4837847262582821,297,2,8134,3064,1,0,0,1,0,116,124,2315
-1.0,-1.0,0.09570957095709573,0.08480126588811351,0.08480126588811351,-0.8085808580858086,0.15789473684210525,17,0.600656455142232,0.6476578411405295,11,2,8134,3064,1,0,0,1,0,0,0,6969
-1.0,-1.0,0.06349206349206349,0.08480126588811351,0.08480126588811351,-0.873015873015873,1.0,235,0.5087427144046628,0.5887815750371471,92,2,8134,3064,1,1,0,1,0,5,610,590
-1.0,-1.0,0.02608695652173913,0.08480126588811351,0.08480126588811351,-0.9478260869565216,0.75,16,0.9966666666666668,0.7814569536423841,28,3,8134,3064,1,0,0,1,0,0,41,3006
-1.0,-1.0,0.01098901098901099,4.9971618126111155e-05,4.9971618126111155e-05,-0.978021978021978,1.0,151,0.95625,0.32653061224489793,11,2,8134,3064,1,0,0,1,0,0,241,6969
-1.0,-1.0,0.007874015748031496,4.9971618126111155e-05,4.9971618126111155e-05,-0.9842519685039368,1.0,53,0.17005988023952096,0.4647058823529412,27,2,8134,3064,1,0,0,1,0,0,0,6969
-1.0,-1.0,0.007874015748031496,4.9971618126111155e-05,4.9971618126111155e-05,-0.9842519685039368,0.8333333333333334,88,0.9783889980353636,0.3577981651376147,27,2,7791,2804,1,0,0,1,0,0,1,6626
-1.0,-1.0,0.02127659574468085,0.023834639568557327,0.023834639568557327,-0.9574468085106383,0.6428571428571429,4,0.3934426229508197,0.2251655629139073,9,2,3164,1348,1,0,0,1,1,0,0,1999
-1.0,-0.9473684210526316,0.09570957095709573,0.08480126588811351,0.08480126588811351,-0.8085808580858086,0.8181818181818182,56,0.07292917166866747,0.5530101225359616,129,2,7791,2804,1,0,0,1,0,0,3,6621
-1.0,-1.0,0.0,0.081104871355322,0.081104871355322,-1.0,1.0,53,0.16666666666666666,0.4784172661870504,10,2,7392,2578,1,0,0,1,0,0,3,6227
-1.0,-1.0,0.2280701754385965,0.005381474432391197,0.005381474432391197,-0.5263157894736842,1.0,24,0.696969696969697,0.6226415094339622,2,1,13325,3497,1,0,0,1,0,0,18,3118
-1.0,-1.0,0.0,0.023834639568557327,0.023834639568557327,-1.0,1.0,8,0.8942528735632184,0.608922638822971,166,2,8134,3064,1,0,0,1,0,0,0,6969
0.0,0.0,0.16666666666666666,0.4070964043141743,0.4070964043141743,-0.4166666666666667,0.36585365853658536,118,0.12342569269521413,0.24214417744916825,15,2,12050,140,1,0,0,1,0,0,160,3123
-1.0,-1.0,0.007874015748031496,4.9971618126111155e-05,4.9971618126111155e-05,-0.9842519685039368,0.7692307692307693,52,0.5142857142857142,0.05982905982905984,5,2,3164,1348,1,0,0,1,0,0,124,1999
-1.0,-1.0,0.007874015748031496,4.9971618126111155e-05,4.9971618126111155e-05,-0.9842519685039368,1.0,16,0.3634496919917865,0.3226837060702875,23,2,8134,3064,1,0,0,1,0,27,41,6969
-1.0,-1.0,0.2727272727272727,0.023834639568557327,0.023834639568557327,-0.4545454545454545,1.0,235,0.6402627511591963,0.6966542750929368,53,2,8134,3064,1,0,0,1,0,129,610,6969
-1.0,-1.0,0.09570957095709573,0.08480126588811351,0.08480126588811351,-0.8085808580858086,0.6666666666666666,16,0.7142857142857143,1.3863636363636365,7,2,2927,1138,1,0,0,1,1,0,41,1762
-1.0,-1.0,0.09570957095709573,0.08480126588811351,0.08480126588811351,-0.8085808580858086,1.0,12,0.6360808709175739,0.6574500768049155,45,1,8130,3021,1,0,0,1,1,24,24,6969
-1.0,-1.0,0.0,0.023834639568557327,0.023834639568557327,-1.0,1.0,151,0.974074074074074,0.4320987654320987,6,3,8134,3064,1,1,0,1,0,0,241,6969
-1.0,-1.0,0.0,0.018972308598876112,0.018972308598876112,-1.0,1.0,53,0.6015936254980079,0.9852941176470588,35,1,8134,3064,1,0,0,1,0,0,3,6969
-1.0,-1.0,0.0,0.081104871355322,0.081104871355322,-1.0,1.0,235,0.7584767866458008,0.7692307692307693,90,2,5543,2127,1,0,0,1,0,0,610,6969
-0.5,-1.0,0.07142857142857142,0.081104871355322,0.081104871355322,-0.8571428571428571,1.0,53,0.20903522205206732,1.0666666666666669,22,3,8134,3064,1,0,0,1,0,0,3,6969
-1.0,-1.0,0.007874015748031496,4.9971618126111155e-05,4.9971618126111155e-05,-0.9842519685039368,1.0,39,0.4550898203592814,1.0869565217391304,7,2,8134,3064,1,0,0,1,0,0,0,6969
0.0,-1.0,0.0,0.4070964043141743,0.4070964043141743,0.0,0.35,60,0.5426666666666666,0.4012605042016807,31,2,10803,20,1,0,0,1,0,0,401,1560
-1.0,-0.3333333333333333,0.3333333333333333,0.14753001392947815,0.14753001392947815,-0.3333333333333333,1.0,6,0.2490421455938697,0.3135755258126195,52,2,17709,2264,1,0,0,1,0,0,0,9256
-1.0,-0.6,0.0,0.08480126588811351,0.08480126588811351,-1.0,0.15384615384615385,14,0.9233226837060704,0.7935483870967742,14,2,8134,3064,1,0,0,1,0,0,0,6969
0.0,0.0,0.01098901098901099,4.9971618126111155e-05,4.9971618126111155e-05,-0.978021978021978,0.6666666666666666,56,0.9347826086956522,0.32142857142857145,3,2,1420,210,1,0,0,1,0,0,3,255
0.0,0.0,0.06349206349206349,0.08480126588811351,0.08480126588811351,-0.873015873015873,1.0,22,0.6641791044776121,0.7538461538461538,4,2,1181,24,1,0,0,1,1,114,160,16
-1.0,-1.0,0.16666666666666666,0.0022775294690879104,0.0022775294690879104,-0.6666666666666666,0.17647058823529413,4,0.8032786885245902,0.3595505617977528,10,2,3164,1348,1,0,0,1,0,0,0,1999
-1.0,-1.0,0.007874015748031496,4.9971618126111155e-05,4.9971618126111155e-05,-0.9842519685039368,0.4615384615384616,151,0.4326018808777429,0.3492822966507177,6,2,8134,3064,1,0,0,1,0,0,241,2218
-1.0,-1.0,0.02127659574468085,0.023834639568557327,0.023834639568557327,-0.9574468085106383,1.0,235,0.6108041743400859,0.7086247086247086,39,2,8134,3064,1,0,0,1,1,0,610,6969
-1.0,-1.0,0.01098901098901099,4.9971618126111155e-05,4.9971618126111155e-05,-0.978021978021978,1.0,53,0.3721286370597244,1.0666666666666669,22,2,8134,3064,1,0,0,1,0,0,3,6969
-1.0,-1.0,0.25,0.081104871355322,0.081104871355322,-0.5,1.0,16,0.7766666666666666,0.7814569536423841,28,1,8134,3064,1,0,0,1,0,0,41,6969
-1.0,-1.0,0.0,0.0,0.0,-1.0,0.6666666666666666,33,0.9995777027027029,2.025355871886121,180,1,2562,1117,1,0,0,1,1,558,1183,279
-1.0,-1.0,0.007874015748031496,4.9971618126111155e-05,4.9971618126111155e-05,-0.9842519685039368,1.0,38,0.2565217391304348,0.31690140845070425,6,2,8134,3064,1,0,0,1,0,0,0,6969
-1.0,-1.0,0.02608695652173913,0.08480126588811351,0.08480126588811351,-0.9478260869565216,1.0,56,0.1947743467933492,1.0100502512562817,23,3,7142,2503,1,0,0,1,0,0,3,4085
-1.0,-1.0,0.01098901098901099,4.9971618126111155e-05,4.9971618126111155e-05,-0.978021978021978,1.0,14,0.3591240875912409,0.6642857142857143,72,2,8134,3064,1,0,0,1,0,0,98,6969
-1.0,-1.0,0.007874015748031496,4.9971618126111155e-05,4.9971618126111155e-05,-0.9842519685039368,1.0,16,0.5412087912087912,0.4537037037037037,20,2,8134,3064,1,0,0,1,0,0,41,6969
-1.0,-1.0,0.01098901098901099,4.9971618126111155e-05,4.9971618126111155e-05,-0.978021978021978,1.0,53,0.2835209825997953,0.8126272912423625,42,2,8134,3064,1,0,0,1,0,0,3,6969
-1.0,-1.0,0.01098901098901099,4.9971618126111155e-05,4.9971618126111155e-05,-0.978021978021978,0.6666666666666666,26,0.691699604743083,0.41216216216216217,12,2,8134,3064,1,0,0,1,0,0,17,6969
-1.0,-1.0,0.01098901098901099,4.9971618126111155e-05,4.9971618126111155e-05,-0.978021978021978,1.0,16,0.5069124423963134,1.1058823529411763,9,2,4740,2001,1,0,0,1,0,0,41,3575
-1.0,-1.0,0.007874015748031496,4.9971618126111155e-05,4.9971618126111155e-05,-0.9842519685039368,1.0,16,0.2774725274725275,0.4537037037037037,20,2,8134,3064,1,0,0,1,0,0,41,6969
-1.0,-1.0,0.007874015748031496,4.9971618126111155e-05,4.9971618126111155e-05,-0.9842519685039368,1.0,53,0.19447287615148406,0.8126272912423625,42,2,8134,3064,1,0,0,1,0,0,3,6969
-1.0,-1.0,0.0,0.08480126588811351,0.08480126588811351,-1.0,1.0,235,0.4507042253521127,0.3620689655172414,5,2,7959,2897,1,0,0,1,0,0,610,6794
-1.0,-1.0,0.007874015748031496,4.9971618126111155e-05,4.9971618126111155e-05,-0.9842519685039368,1.0,38,0.2575757575757576,0.5398230088495575,21,2,8134,3064,1,0,0,1,0,0,0,6969
-1.0,-1.0,0.007874015748031496,4.9971618126111155e-05,4.9971618126111155e-05,-0.9842519685039368,1.0,151,0.3434343434343434,0.5446685878962536,117,2,8134,3064,1,0,0,1,0,0,241,6969
1.0,-0.3877551020408163,0.09570957095709573,0.08480126588811351,0.08480126588811351,-0.8085808580858086,1.0,52,0.17396416960641906,0.4837847262582821,297,2,8134,3064,1,0,0,1,0,116,124,6969
-1.0,-1.0,0.09570957095709573,0.08480126588811351,0.08480126588811351,-0.8085808580858086,1.0,55,0.5902270103886109,1.2178690874343048,187,2,8134,3064,1,0,0,1,0,0,33,6702
-1.0,-1.0,0.007874015748031496,4.9971618126111155e-05,4.9971618126111155e-05,-0.9842519685039368,1.0,151,0.3428571428571429,0.5771812080536913,12,2,8134,3064,1,0,0,1,0,0,241,6969
0.0,0.0,0.5833333333333334,0.011861908794940493,0.011861908794940493,0.16666666666666666,0.6129032258064516,2,0.8524590163934426,0.3670886075949367,3,1,8481,357,1,0,0,1,0,0,0,4520
0.0,-1.0,0.01098901098901099,4.9971618126111155e-05,4.9971618126111155e-05,-0.978021978021978,1.0,151,0.956989247311828,0.7611940298507462,11,2,8134,3064,1,0,0,1,0,0,241,6969
-1.0,-1.0,0.0,0.08480126588811351,0.08480126588811351,-1.0,0.19117647058823528,6,0.32261410788381745,0.7298387096774194,16,2,7791,2804,1,0,0,1,0,0,0,2844
-1.0,-1.0,0.0,0.08480126588811351,0.08480126588811351,-1.0,1.0,235,0.6695721077654516,0.8427152317880795,49,2,8134,3064,1,0,0,1,0,0,610,6969
0.0,0.0,0.007874015748031496,4.9971618126111155e-05,4.9971618126111155e-05,-0.9842519685039368,0.6,53,0.4230769230769231,0.5972222222222222,8,2,1686,362,1,0,0,1,0,0,3,521
-1.0,-1.0,0.0,0.010645521845462358,0.010645521845462358,-1.0,0.8064516129032258,39,0.41989881956155145,0.8666666666666667,22,2,17709,2264,1,1,1,1,0,0,57,6058
-1.0,-1.0,0.0,0.081104871355322,0.081104871355322,-1.0,1.0,2,0.8650519031141869,0.4705882352941176,9,3,8134,3064,1,0,0,1,1,0,0,6969
0.0,-1.0,0.27586206896551724,0.081104871355322,0.081104871355322,-0.4482758620689655,1.0,4,0.8035714285714286,1.054054054054054,3,3,4197,1798,1,0,0,1,0,0,0,3032
0.0,0.0,0.07142857142857142,0.42773363918857626,0.42773363918857626,-0.8571428571428571,1.0,65,0.927927927927928,0.2,6,2,7543,158,1,0,0,1,0,0,370,3563
0.0,0.0,0.2857142857142857,0.4070964043141743,0.4070964043141743,-0.2857142857142857,0.4444444444444444,118,0.2950191570881226,0.21164021164021168,9,2,13591,277,1,0,0,1,0,0,160,2873
-1.0,-1.0,0.09570957095709573,0.08480126588811351,0.08480126588811351,-0.8085808580858086,0.30612244897959184,235,0.3824175824175824,0.3895131086142322,7,2,2965,1165,1,0,0,1,0,1,610,1800
-1.0,-0.9473684210526316,0.09570957095709573,0.08480126588811351,0.08480126588811351,-0.8085808580858086,1.0,56,0.9222689075630252,0.5530101225359616,129,2,7791,2804,1,0,0,1,0,0,3,6626
-1.0,-1.0,0.007874015748031496,4.9971618126111155e-05,4.9971618126111155e-05,-0.9842519685039368,0.75,56,0.8586839266450917,0.2879156528791565,132,2,7791,2804,1,0,0,1,0,0,3,5748
-1.0,-1.0,0.0,0.08480126588811351,0.08480126588811351,-1.0,1.0,235,0.9174701118395681,0.9118869492934332,53,2,8134,3064,1,0,0,1,0,0,610,6969
0.0,-1.0,0.09570957095709573,0.08480126588811351,0.08480126588811351,-0.8085808580858086,0.32,235,0.4440700808625337,0.43778280542986425,41,2,8134,3064,1,0,0,1,0,91,610,12
-1.0,-1.0,0.007874015748031496,4.9971618126111155e-05,4.9971618126111155e-05,-0.9842519685039368,1.0,151,0.3439659755449229,0.5446685878962536,117,2,8134,3064,1,0,0,1,1,0,241,6969
-1.0,-1.0,0.007874015748031496,4.9971618126111155e-05,4.9971618126111155e-05,-0.9842519685039368,1.0,53,0.1892123287671233,0.8666666666666667,40,2,8134,3064,1,0,0,1,0,1,3,6969
-1.0,-1.0,0.007874015748031496,4.9971618126111155e-05,4.9971618126111155e-05,-0.9842519685039368,1.0,16,0.3593429158110883,0.3226837060702875,23,2,8134,3064,1,0,0,1,0,27,41,6969
-1.0,-1.0,0.02127659574468085,0.023834639568557327,0.023834639568557327,-0.9574468085106383,0.4444444444444444,35,0.7331378299120235,0.40049751243781095,14,2,8134,3064,1,0,0,1,0,0,10,6969
-1.0,-1.0,0.01098901098901099,4.9971618126111155e-05,4.9971618126111155e-05,-0.978021978021978,1.0,38,0.5227272727272727,0.5398230088495575,21,2,8134,3064,1,0,0,1,0,0,0,6969
-1.0,-1.0,0.09570957095709573,0.08480126588811351,0.08480126588811351,-0.8085808580858086,1.0,235,0.5873821609862219,0.7316735822959889,23,2,8134,3064,1,0,0,1,1,1,610,6969
-1.0,-1.0,0.01098901098901099,4.9971618126111155e-05,4.9971618126111155e-05,-0.978021978021978,1.0,16,0.5082417582417582,0.4537037037037037,20,2,8134,3064,1,0,0,1,0,0,41,6969
-1.0,-1.0,0.01098901098901099,4.9971618126111155e-05,4.9971618126111155e-05,-0.978021978021978,1.0,53,0.408,0.7622950819672131,8,2,8134,3064,1,0,0,1,0,0,3,6969
-1.0,-1.0,0.09570957095709573,0.08480126588811351,0.08480126588811351,-0.8085808580858086,1.0,235,0.4489795918367347,0.4174757281553398,16,2,8134,3064,1,0,0,1,0,0,610,6969
-1.0,-1.0,0.09570957095709573,0.08480126588811351,0.08480126588811351,-0.8085808580858086,1.0,53,0.4316069057104914,0.9852941176470588,35,2,8134,3064,1,0,0,1,0,0,3,6969
-1.0,-1.0,0.0,0.018972308598876112,0.018972308598876112,-1.0,1.0,70,0.7769784172661871,0.5189873417721519,23,2,8134,3064,1,0,0,1,0,0,68,6735
-1.0,-1.0,0.007874015748031496,4.9971618126111155e-05,4.9971618126111155e-05,-0.9842519685039368,0.42857142857142855,16,0.4147465437788018,1.1058823529411763,9,2,4740,2001,1,0,0,1,0,0,41,3575
-1.0,-1.0,0.007874015748031496,4.9971618126111155e-05,4.9971618126111155e-05,-0.9842519685039368,0.375,88,0.4899328859060403,0.4691358024691358,17,2,7791,2804,1,0,0,1,1,0,1,6626
-1.0,-1.0,0.007874015748031496,4.9971618126111155e-05,4.9971618126111155e-05,-0.9842519685039368,0.6666666666666666,16,0.2614213197969543,0.4279475982532751,27,2,2319,755,1,0,0,1,0,0,0,1154
-1.0,-1.0,0.09570957095709573,0.08480126588811351,0.08480126588811351,-0.8085808580858086,1.0,151,0.3076208178438662,0.5778145695364238,14,2,8134,3064,1,0,0,1,0,0,241,2337
0.0,-1.0,0.0,0.081104871355322,0.081104871355322,-1.0,1.0,53,0.7068965517241379,0.2222222222222222,10,3,8134,3064,1,0,0,1,0,0,0,6969
-1.0,-1.0,0.09570957095709573,0.08480126588811351,0.08480126588811351,-0.8085808580858086,0.13333333333333333,53,0.5304347826086957,0.33783783783783783,5,2,4429,1876,1,0,0,1,0,0,3,3264
-1.0,-1.0,0.01098901098901099,4.9971618126111155e-05,4.9971618126111155e-05,-0.978021978021978,0.6666666666666666,5,0.9965870307167236,0.35356200527704484,24,2,2556,879,1,0,0,1,0,0,0,1391
-1.0,-1.0,0.01098901098901099,4.9971618126111155e-05,4.9971618126111155e-05,-0.978021978021978,1.0,53,0.9506172839506172,0.4318181818181818,9,2,6393,2336,1,0,0,1,0,0,0,5228
-1.0,-1.0,0.09570957095709573,0.08480126588811351,0.08480126588811351,-0.8085808580858086,1.0,235,0.7228958630527818,0.8209920920201293,36,2,8134,3064,1,0,0,1,0,0,610,6969
-1.0,-1.0,0.09570957095709573,0.08480126588811351,0.08480126588811351,-0.8085808580858086,1.0,235,0.4646153846153846,0.7295597484276729,7,2,8134,3064,1,0,0,1,1,1,610,6969
-1.0,-1.0,0.2608695652173913,0.018972308598876112,0.018972308598876112,-0.4782608695652174,1.0,235,0.6765267175572519,1.4861878453038675,22,2,8134,3064,1,0,0,1,0,0,610,6969
0.0,-1.0,0.16494845360824742,0.14753001392947815,0.14753001392947815,-0.6597938144329897,1.0,16,0.1183206106870229,0.13,16,2,14043,999,1,0,0,1,0,0,33,5215
-1.0,-1.0,0.007874015748031496,4.9971618126111155e-05,4.9971618126111155e-05,-0.9842519685039368,1.0,53,0.8271604938271605,0.4318181818181818,9,2,6393,2336,1,0,0,1,0,0,0,5228
-1.0,-1.0,0.0,0.08480126588811351,0.08480126588811351,-1.0,1.0,151,0.7136038186157518,0.5378151260504201,4,2,8134,3064,1,0,0,1,0,0,241,6969
-1.0,-0.5,0.07547169811320754,0.08480126588811351,0.08480126588811351,-0.8490566037735849,1.0,235,0.652317880794702,1.0551181102362204,14,3,8134,3064,1,0,0,1,0,0,610,6969
0.0,-1.0,0.0,0.081104871355322,0.081104871355322,-1.0,1.0,53,0.7924528301886793,0.2903225806451613,5,2,7482,2621,1,0,0,1,0,0,0,6969
-1.0,-1.0,0.01098901098901099,4.9971618126111155e-05,4.9971618126111155e-05,-0.978021978021978,1.0,151,0.8642857142857143,0.5771812080536913,12,2,8134,3064,1,0,0,1,0,0,241,6969
-1.0,-1.0,0.007874015748031496,4.9971618126111155e-05,4.9971618126111155e-05,-0.9842519685039368,1.0,38,0.3323442136498516,0.21721311475409835,10,2,8134,3064,1,0,0,1,0,0,0,6969
-1.0,-1.0,0.09570957095709573,0.08480126588811351,0.08480126588811351,-0.8085808580858086,1.0,235,0.6956300813008129,0.5277296360485269,46,2,8134,3064,1,0,0,1,0,0,610,6969
0.0,-1.0,0.0,0.081104871355322,0.081104871355322,-1.0,1.0,53,0.4938271604938271,0.4318181818181818,9,2,6393,2336,1,0,0,1,1,0,0,5228
-1.0,-1.0,0.09570957095709573,0.08480126588811351,0.08480126588811351,-0.8085808580858086,1.0,235,0.9394076418720324,0.5846464646464646,124,2,8134,3064,1,0,0,1,1,18,610,6969
-1.0,-1.0,0.007874015748031496,4.9971618126111155e-05,4.9971618126111155e-05,-0.9842519685039368,1.0,151,0.34793187347931875,0.4693877551020408,7,2,8134,3064,1,0,0,1,0,0,241,6969
1.0,0.5,0.3809523809523809,0.4843410085820645,0.4843410085820645,-0.047619047619047616,1.0,278,0.7210526315789474,0.5550351288056206,28,2,22821,1931,1,0,0,1,0,0,868,8097
0.0,-1.0,0.045454545454545456,0.08480126588811351,0.08480126588811351,-0.9090909090909092,1.0,56,0.4421052631578947,0.10294117647058824,6,3,7791,2804,1,0,0,1,0,0,3,6626
0.0,-1.0,0.0,0.081104871355322,0.081104871355322,-1.0,1.0,16,0.5945945945945946,0.3636363636363637,4,2,4132,1788,1,0,0,1,1,0,41,2967
-1.0,-1.0,0.01098901098901099,4.9971618126111155e-05,4.9971618126111155e-05,-0.978021978021978,1.0,151,0.3503455608718767,0.5446685878962536,117,2,8134,3064,1,0,0,1,0,0,241,6969
-1.0,-1.0,0.01098901098901099,4.9971618126111155e-05,4.9971618126111155e-05,-0.978021978021978,1.0,53,0.46,0.7622950819672131,8,2,8134,3064,1,0,0,1,0,0,3,6969
-1.0,-1.0,0.07692307692307693,0.3712370758067992,0.3712370758067992,-0.8076923076923077,0.03125,6,0.607095926412615,0.4469026548672566,36,2,13323,862,1,0,0,1,0,0,0,9256
-1.0,-1.0,0.0,0.081104871355322,0.081104871355322,-1.0,1.0,16,0.7766666666666666,0.7814569536423841,28,2,8134,3064,1,0,0,1,0,0,41,6969
-1.0,-1.0,0.09570957095709573,0.08480126588811351,0.08480126588811351,-0.8085808580858086,1.0,53,0.5203619909502263,0.6491228070175439,7,2,7392,2578,1,0,0,1,0,0,3,1708
-1.0,-1.0,0.01098901098901099,4.9971618126111155e-05,4.9971618126111155e-05,-0.978021978021978,1.0,53,0.7222222222222222,0.423728813559322,7,2,1710,388,1,0,0,1,0,0,3,545
-1.0,-1.0,0.007874015748031496,4.9971618126111155e-05,4.9971618126111155e-05,-0.9842519685039368,0.8333333333333334,53,0.5304347826086957,0.3055555555555556,9,2,5173,2064,1,0,0,1,0,0,0,4008
-1.0,-1.0,0.007874015748031496,4.9971618126111155e-05,4.9971618126111155e-05,-0.9842519685039368,0.8461538461538461,52,0.5214285714285715,0.05982905982905984,5,2,3164,1348,1,0,0,1,0,0,124,1999
-1.0,-1.0,0.02127659574468085,0.023834639568557327,0.023834639568557327,-0.9574468085106383,0.4137931034482759,35,0.6402877697841727,0.12371134020618554,3,2,8134,3064,1,0,1,1,0,0,10,6969
-1.0,-1.0,0.01098901098901099,4.9971618126111155e-05,4.9971618126111155e-05,-0.978021978021978,1.0,53,0.5351027397260274,0.8666666666666667,40,2,8134,3064,1,0,0,1,0,1,3,6969
-1.0,-1.0,0.01098901098901099,4.9971618126111155e-05,4.9971618126111155e-05,-0.978021978021978,1.0,53,0.5102739726027398,0.8666666666666667,40,2,8134,3064,1,0,0,1,0,1,3,6969
-1.0,-1.0,0.007874015748031496,4.9971618126111155e-05,4.9971618126111155e-05,-0.9842519685039368,1.0,38,0.25505050505050497,0.5398230088495575,21,2,8134,3064,1,0,0,1,0,0,0,6969
-1.0,-1.0,0.09570957095709573,0.08480126588811351,0.08480126588811351,-0.8085808580858086,0.2222222222222222,235,0.8603351955307262,0.7303370786516854,8,2,4429,1876,1,0,0,1,0,0,610,3264
-1.0,-1.0,0.007874015748031496,4.9971618126111155e-05,4.9971618126111155e-05,-0.9842519685039368,1.0,53,0.5436643835616438,0.8666666666666667,40,2,8134,3064,1,0,0,1,0,1,3,6969
-1.0,-1.0,0.007874015748031496,4.9971618126111155e-05,4.9971618126111155e-05,-0.9842519685039368,1.0,38,0.2601010101010101,0.5398230088495575,21,2,8134,3064,1,0,0,1,0,0,0,6969
-1.0,-1.0,0.09570957095709573,0.08480126588811351,0.08480126588811351,-0.8085808580858086,0.4615384615384616,235,0.9175764192139738,0.6476578411405295,80,2,8134,3064,1,0,0,1,0,0,610,1645
-1.0,-1.0,0.007874015748031496,4.9971618126111155e-05,4.9971618126111155e-05,-0.9842519685039368,0.8571428571428571,53,0.2558139534883721,0.6097560975609756,5,2,8134,3064,1,0,0,1,0,0,0,6969
-1.0,-1.0,0.007874015748031496,4.9971618126111155e-05,4.9971618126111155e-05,-0.9842519685039368,1.0,53,0.8148148148148148,0.4318181818181818,9,2,6393,2336,1,0,0,1,0,0,0,5228
-1.0,-0.7808219178082192,0.09570957095709573,0.08480126588811351,0.08480126588811351,-0.8085808580858086,1.0,58,0.2825296825781439,0.4797665369649806,139,1,7766,2791,1,0,0,1,0,0,10,2728
0.0,0.0,0.2857142857142857,0.4070964043141743,0.4070964043141743,-0.3333333333333333,0.2727272727272727,56,0.2309322033898305,0.15184815184815184,41,2,12763,203,1,0,0,1,1,2,177,3842
-1.0,-1.0,0.007874015748031496,4.9971618126111155e-05,4.9971618126111155e-05,-0.9842519685039368,1.0,16,0.2802197802197802,0.4537037037037037,20,2,8134,3064,1,0,0,1,0,0,41,6969
-1.0,-1.0,0.007874015748031496,4.9971618126111155e-05,4.9971618126111155e-05,-0.9842519685039368,1.0,235,0.9990956364458512,0.5846464646464646,124,2,8134,3064,1,0,0,1,0,18,610,1659
-1.0,-1.0,0.09570957095709573,0.08480126588811351,0.08480126588811351,-0.8085808580858086,0.6,53,0.3812154696132597,0.2076923076923077,7,1,5356,2097,1,0,0,1,0,0,0,4191
1.0,0.5,0.2857142857142857,0.4843410085820645,0.4843410085820645,-0.42857142857142855,1.0,278,0.7236842105263158,0.5550351288056206,28,2,22821,1931,1,0,0,1,0,0,868,2237
-1.0,-1.0,0.01098901098901099,4.9971618126111155e-05,4.9971618126111155e-05,-0.978021978021978,1.0,53,0.7652173913043478,0.3055555555555556,9,2,5173,2064,1,0,0,1,0,0,0,4008
-1.0,-1.0,0.007874015748031496,4.9971618126111155e-05,4.9971618126111155e-05,-0.9842519685039368,1.0,39,0.5508982035928144,1.0869565217391304,7,2,8134,3064,1,0,0,1,0,0,0,6969
-1.0,-1.0,0.0,0.08480126588811351,0.08480126588811351,-1.0,1.0,8,0.8280542986425339,0.3071428571428572,25,2,8134,3064,1,0,0,1,0,0,0,6969
-1.0,0.0,0.0,0.08480126588811351,0.08480126588811351,-1.0,0.4642857142857143,88,0.957796852646638,0.2082139446036294,76,2,7791,2804,1,0,0,1,0,0,1,6626
-1.0,-1.0,0.09570957095709573,0.08480126588811351,0.08480126588811351,-0.8085808580858086,1.0,52,0.6422172452407615,0.5852156057494866,18,2,8134,3064,1,0,0,1,0,7,124,6969
-1.0,-1.0,0.2608695652173913,0.018972308598876112,0.018972308598876112,-0.4782608695652174,0.3145161290322581,4,0.8006329113924051,0.35514018691588783,4,2,4197,1798,1,0,0,1,0,0,0,3032
-1.0,-1.0,0.05,0.081104871355322,0.081104871355322,-0.9,1.0,56,0.6068965517241379,0.47560975609756106,5,2,5586,2137,1,1,0,1,0,0,3,3219
-1.0,-0.9121951219512195,0.07142857142857142,0.42773363918857626,0.42773363918857626,-0.8571428571428571,1.0,402,0.6359988737153316,0.0674574191475065,24,2,11584,832,1,0,0,1,0,0,5121,4688
-1.0,-1.0,0.09570957095709573,0.08480126588811351,0.08480126588811351,-0.8085808580858086,1.0,151,0.4081632653061225,0.41452991452991456,3,2,8134,3064,1,0,0,1,0,0,241,6969
-1.0,-1.0,0.07547169811320754,0.08480126588811351,0.08480126588811351,-0.8490566037735849,1.0,53,0.4836795252225519,0.9794520547945206,24,3,8134,3064,1,0,0,1,0,0,3,6969
-1.0,-1.0,0.007874015748031496,4.9971618126111155e-05,4.9971618126111155e-05,-0.9842519685039368,1.0,151,0.3989071038251366,0.7934782608695652,3,2,5543,2127,1,0,0,1,0,0,241,6969
0.0,-1.0,0.14285714285714285,0.018972308598876112,0.018972308598876112,-0.7142857142857143,1.0,151,0.35931790499390986,0.6214442013129103,22,3,8134,3064,1,0,0,1,0,5,241,1816
-1.0,-1.0,0.007874015748031496,4.9971618126111155e-05,4.9971618126111155e-05,-0.9842519685039368,1.0,151,0.9549180327868853,0.4388489208633093,16,2,8134,3064,1,0,0,1,0,0,241,6969
-1.0,-1.0,0.007874015748031496,4.9971618126111155e-05,4.9971618126111155e-05,-0.9842519685039368,1.0,53,0.5188356164383562,0.8666666666666667,40,2,8134,3064,1,0,0,1,1,1,3,6969
-1.0,-1.0,0.0,0.010087401498933349,0.010087401498933349,-1.0,0.8333333333333334,146,0.9980818414322252,0.9756427604871448,60,2,13254,4548,1,0,0,1,0,46,0,896
-1.0,-1.0,0.007874015748031496,4.9971618126111155e-05,4.9971618126111155e-05,-0.9842519685039368,1.0,151,0.34549878345498786,0.4693877551020408,7,2,8134,3064,1,0,0,1,0,0,241,6969
-1.0,-1.0,0.007874015748031496,4.9971618126111155e-05,4.9971618126111155e-05,-0.9842519685039368,1.0,53,0.19651995905834185,0.8126272912423625,42,2,8134,3064,1,0,0,1,0,0,3,6969
-1.0,-1.0,0.09570957095709573,0.08480126588811351,0.08480126588811351,-0.8085808580858086,1.0,151,0.912121212121212,0.5380710659898477,6,2,8134,3064,1,0,0,1,0,0,241,6969
-1.0,-1.0,0.0,0.018972308598876112,0.018972308598876112,-1.0,1.0,19,0.29523809523809524,0.2033195020746888,4,2,8134,3064,1,0,0,1,0,0,2,6969
-1.0,-1.0,0.01098901098901099,4.9971618126111155e-05,4.9971618126111155e-05,-0.978021978021978,1.0,14,0.4197080291970803,0.6642857142857143,72,2,8134,3064,1,0,0,1,0,0,98,6969
0.0,-1.0,0.02586206896551724,0.30515659998359235,0.30515659998359235,-0.9051724137931034,1.0,24,0.37373737373737376,0.6226415094339622,2,3,13325,3497,1,0,0,1,0,0,18,8567
-1.0,-1.0,0.09570957095709573,0.08480126588811351,0.08480126588811351,-0.8085808580858086,1.0,12,0.9186046511627908,0.0967741935483871,8,2,8134,3064,1,0,0,1,1,0,24,6969
-1.0,-1.0,0.007874015748031496,4.9971618126111155e-05,4.9971618126111155e-05,-0.9842519685039368,1.0,53,0.7210682492581603,0.9794520547945206,24,2,8134,3064,1,0,0,1,0,0,3,6969
-1.0,-1.0,0.007874015748031496,4.9971618126111155e-05,4.9971618126111155e-05,-0.9842519685039368,1.0,151,0.3284671532846715,0.4693877551020408,7,2,8134,3064,1,0,0,1,0,0,241,6969
-1.0,-1.0,0.01098901098901099,4.9971618126111155e-05,4.9971618126111155e-05,-0.978021978021978,1.0,38,0.44696969696969696,0.5398230088495575,21,2,8134,3064,1,0,0,1,0,0,0,6969
-1.0,-1.0,0.007874015748031496,4.9971618126111155e-05,4.9971618126111155e-05,-0.9842519685039368,1.0,88,0.8285714285714286,0.08695652173913042,2,2,7482,2621,1,0,0,1,0,0,93,6969
0.0,-1.0,0.125,0.023834639568557327,0.023834639568557327,-0.75,1.0,151,0.9879182156133828,0.5778145695364238,14,2,8134,3064,1,0,0,1,0,0,241,6969
-1.0,-1.0,0.06349206349206349,0.08480126588811351,0.08480126588811351,-0.873015873015873,0.873015873015873,5,0.7406143344709898,0.35356200527704484,24,2,2556,879,1,1,0,1,0,0,0,1391
-1.0,-1.0,0.0,0.08480126588811351,0.08480126588811351,-1.0,1.0,14,0.6583629893238434,0.5256410256410257,11,3,8134,3064,1,0,0,1,1,0,98,6969
-1.0,-1.0,0.01098901098901099,4.9971618126111155e-05,4.9971618126111155e-05,-0.978021978021978,1.0,16,0.484599589322382,0.3226837060702875,23,2,8134,3064,1,0,0,1,0,27,41,6969
-1.0,-1.0,0.01098901098901099,4.9971618126111155e-05,4.9971618126111155e-05,-0.978021978021978,1.0,12,0.15712383488681758,0.42953020134228187,52,2,8134,3064,1,0,0,1,0,0,0,6969
-1.0,-1.0,0.09570957095709573,0.08480126588811351,0.08480126588811351,-0.8085808580858086,1.0,235,0.2708333333333333,0.5277296360485269,46,2,8134,3064,1,0,0,1,0,0,610,6969
-1.0,-1.0,0.03947368421052632,0.08480126588811351,0.08480126588811351,-0.9210526315789472,1.0,16,0.9816666666666668,0.7814569536423841,28,3,8134,3064,1,0,0,1,0,0,41,3006
0.0,-1.0,0.27586206896551724,0.081104871355322,0.081104871355322,-0.4482758620689655,1.0,53,0.15272727272727274,0.5,10,3,8134,3064,1,0,0,1,0,0,3,6969
-1.0,-1.0,0.007874015748031496,4.9971618126111155e-05,4.9971618126111155e-05,-0.9842519685039368,0.7142857142857143,53,0.25116279069767444,0.6097560975609756,5,2,8134,3064,1,0,0,1,0,0,0,6969
-1.0,-1.0,0.01098901098901099,4.9971618126111155e-05,4.9971618126111155e-05,-0.978021978021978,1.0,16,0.3522388059701492,1.4715447154471544,10,2,8134,3064,1,0,0,1,0,0,41,1462
-1.0,-1.0,0.0,0.08480126588811351,0.08480126588811351,-1.0,1.0,235,0.6379794200187091,0.5847457627118644,23,2,8134,3064,1,0,0,1,0,0,610,6969
-1.0,-0.9473684210526316,0.09570957095709573,0.08480126588811351,0.08480126588811351,-0.8085808580858086,1.0,56,0.9216686674669868,0.5530101225359616,129,2,7791,2804,1,0,0,1,0,0,3,6626
-1.0,-1.0,0.007874015748031496,4.9971618126111155e-05,4.9971618126111155e-05,-0.9842519685039368,1.0,16,0.24776119402985075,1.4715447154471544,10,2,8134,3064,1,0,0,1,0,0,41,6969
-1.0,-1.0,0.0,0.081104871355322,0.081104871355322,-1.0,1.0,16,0.7766666666666666,0.7814569536423841,28,2,8134,3064,1,0,0,1,0,0,41,6969
-1.0,-1.0,0.0,0.08480126588811351,0.08480126588811351,-1.0,0.3333333333333333,151,0.7735247208931421,0.5446685878962536,117,3,8134,3064,1,0,0,1,0,0,241,1334
-1.0,-1.0,0.007874015748031496,4.9971618126111155e-05,4.9971618126111155e-05,-0.9842519685039368,1.0,151,0.7277777777777777,0.5806451612903226,5,2,8134,3064,1,0,0,1,0,0,241,6969
-1.0,-0.6,0.0,0.018972308598876112,0.018972308598876112,-1.0,1.0,151,0.373046875,0.2901353965183752,16,2,8134,3064,1,0,0,1,0,2,241,6969
0.0,-1.0,0.0,0.081104871355322,0.081104871355322,-1.0,1.0,235,0.981145757795504,0.7316735822959889,23,2,8134,3064,1,0,0,1,1,1,610,6969
-1.0,-1.0,0.007874015748031496,4.9971618126111155e-05,4.9971618126111155e-05,-0.9842519685039368,1.0,151,0.2151639344262295,0.2132132132132132,15,2,8134,3064,1,0,0,1,0,0,241,6969
-1.0,-1.0,0.0,0.081104871355322,0.081104871355322,-1.0,0.7666666666666667,235,0.35294117647058826,0.11204481792717087,27,3,8134,3064,1,0,0,1,0,0,610,6969
-1.0,-1.0,0.09570957095709573,0.08480126588811351,0.08480126588811351,-0.8085808580858086,1.0,235,0.6153846153846154,0.3895131086142322,7,2,2965,1165,1,0,0,1,0,1,610,1800
-1.0,-1.0,0.007874015748031496,4.9971618126111155e-05,4.9971618126111155e-05,-0.9842519685039368,1.0,151,0.2420382165605096,0.3640776699029126,7,2,7392,2578,1,0,0,1,0,0,241,6227
-1.0,-1.0,0.02127659574468085,0.023834639568557327,0.023834639568557327,-0.9574468085106383,1.0,35,0.6715542521994134,0.40049751243781095,14,2,8134,3064,1,0,0,1,1,0,10,6969
-1.0,-1.0,0.0,0.08480126588811351,0.08480126588811351,-1.0,1.0,235,0.6885245901639344,0.7130890052356021,51,2,8134,3064,1,0,0,1,1,0,610,6969
-1.0,-1.0,0.01098901098901099,4.9971618126111155e-05,4.9971618126111155e-05,-0.978021978021978,1.0,151,0.8278688524590164,0.4388489208633093,16,2,8134,3064,1,0,0,1,0,0,241,6969
0.0,-1.0,0.045454545454545456,0.08480126588811351,0.08480126588811351,-0.9090909090909092,1.0,53,0.3242009132420091,0.4803149606299213,15,3,3075,1273,1,0,0,1,0,0,3,1910
-1.0,-1.0,0.2280701754385965,0.005381474432391197,0.005381474432391197,-0.5263157894736842,0.1176470588235294,41,0.9252136752136751,0.6991869918699187,15,1,7508,1056,1,1,0,1,0,0,118,2456
0.0,-1.0,0.1,0.023834639568557327,0.023834639568557327,-0.8,1.0,151,0.5642857142857143,0.3012048192771085,6,2,8134,3064,1,0,0,1,0,0,241,6969
-1.0,-1.0,0.0,0.08480126588811351,0.08480126588811351,-1.0,0.6666666666666666,151,0.7341839447102605,0.5446685878962536,117,3,8134,3064,1,0,0,1,0,0,241,2245
-1.0,-1.0,0.01098901098901099,4.9971618126111155e-05,4.9971618126111155e-05,-0.978021978021978,1.0,16,0.3283582089552239,1.4715447154471544,10,2,8134,3064,1,0,0,1,0,0,41,6969
0.0,-1.0,0.14285714285714285,0.018972308598876112,0.018972308598876112,-0.7142857142857143,1.0,235,0.4408284023668639,0.4104234527687297,16,2,8134,3064,1,0,0,1,0,0,610,6969
-1.0,-1.0,0.01098901098901099,4.9971618126111155e-05,4.9971618126111155e-05,-0.978021978021978,1.0,88,0.9428571428571428,0.08695652173913042,2,2,7482,2621,1,0,0,1,0,0,93,6969
0.0,-1.0,0.1,0.023834639568557327,0.023834639568557327,-0.8,1.0,88,0.4383561643835616,0.8235294117647058,5,3,5209,2075,1,0,0,1,0,0,1,4044
-1.0,-1.0,0.07547169811320754,0.08480126588811351,0.08480126588811351,-0.8490566037735849,1.0,235,0.9300699300699301,0.5657894736842105,6,3,8134,3064,1,0,0,1,0,0,610,2264
-1.0,-1.0,0.09570957095709573,0.08480126588811351,0.08480126588811351,-0.8085808580858086,1.0,52,0.622680412371134,0.2870662460567823,5,2,8134,3064,1,0,0,1,0,0,124,6969
-1.0,-1.0,0.25,0.081104871355322,0.081104871355322,-0.5,1.0,4,0.7093023255813954,0.33962264150943394,3,2,3164,1348,1,0,0,1,0,0,0,1999
0.0,-1.0,0.0,0.08480126588811351,0.08480126588811351,-1.0,1.0,151,0.2822966507177033,0.5446685878962536,117,3,8134,3064,1,0,0,1,0,0,241,6969
0.0,-1.0,0.045454545454545456,0.08480126588811351,0.08480126588811351,-0.9090909090909092,1.0,88,0.3225806451612903,0.2692307692307692,10,3,7791,2804,1,0,0,1,1,0,1,6626
-1.0,-1.0,0.007874015748031496,4.9971618126111155e-05,4.9971618126111155e-05,-0.9842519685039368,0.6666666666666666,53,0.5217391304347826,0.3055555555555556,9,2,5173,2064,1,0,0,1,0,0,0,4008
0.0,-1.0,0.0,0.023834639568557327,0.023834639568557327,-1.0,1.0,35,0.95088161209068,0.7572815533980582,17,3,8134,3064,1,0,0,1,0,0,10,6969
-1.0,-1.0,0.01098901098901099,4.9971618126111155e-05,4.9971618126111155e-05,-0.978021978021978,1.0,14,0.42700729927007297,0.6642857142857143,72,2,8134,3064,1,0,0,1,0,0,98,6969
-1.0,-1.0,0.007874015748031496,4.9971618126111155e-05,4.9971618126111155e-05,-0.9842519685039368,1.0,14,0.4497354497354497,0.4322033898305085,6,2,8134,3064,1,0,0,1,0,0,98,6969
-1.0,-1.0,0.0,0.08480126588811351,0.08480126588811351,-1.0,1.0,16,0.8726899383983573,0.3226837060702875,23,2,8134,3064,1,1,0,1,0,27,41,6969
-1.0,-1.0,0.0,0.018972308598876112,0.018972308598876112,-1.0,1.0,235,0.28964285714285715,0.38077858880778587,15,2,8134,3064,1,0,0,1,0,20,610,5959
-1.0,-0.9473684210526316,0.09570957095709573,0.08480126588811351,0.08480126588811351,-0.8085808580858086,1.0,56,0.921968787515006,0.5530101225359616,129,2,7791,2804,1,0,0,1,0,0,3,6626
-1.0,-1.0,0.06349206349206349,0.08480126588811351,0.08480126588811351,-0.873015873015873,1.0,5,0.4565537555228277,0.2302325581395349,29,2,8134,3064,1,0,0,1,0,0,0,6969
0.0,-1.0,0.25,0.2965217876264129,0.2965217876264129,-0.5,1.0,39,0.5792580101180439,0.8666666666666667,22,3,17709,2264,1,0,0,1,0,0,57,6058
-1.0,-1.0,0.007874015748031496,4.9971618126111155e-05,4.9971618126111155e-05,-0.9842519685039368,0.9230769230769232,52,0.5285714285714286,0.05982905982905984,5,2,3164,1348,1,0,0,1,0,0,124,1999
-1.0,-1.0,0.0,0.0022775294690879104,0.0022775294690879104,-1.0,0.13157894736842105,56,0.6540229885057471,0.47560975609756106,5,2,5586,2137,1,1,0,1,0,0,3,3219
-1.0,-1.0,0.01098901098901099,4.9971618126111155e-05,4.9971618126111155e-05,-0.978021978021978,0.6666666666666666,2,0.8408304498269896,0.4705882352941176,9,2,8134,3064,1,0,0,1,0,0,0,6969
-1.0,-0.8461538461538461,0.07692307692307693,0.3712370758067992,0.3712370758067992,-0.8076923076923077,0.6666666666666666,6,0.5238685678859268,0.3982558139534884,81,1,17709,2264,1,0,0,1,0,0,0,9256
-1.0,-1.0,0.007874015748031496,4.9971618126111155e-05,4.9971618126111155e-05,-0.9842519685039368,1.0,38,0.2525252525252525,0.5398230088495575,21,2,8134,3064,1,0,0,1,0,0,0,6969
-1.0,-1.0,0.01098901098901099,4.9971618126111155e-05,4.9971618126111155e-05,-0.978021978021978,0.6666666666666666,88,0.5570469798657718,0.4691358024691358,17,2,7791,2804,1,0,0,1,0,0,1,6626
-1.0,-1.0,0.0,0.018972308598876112,0.018972308598876112,-1.0,1.0,88,0.4956140350877193,1.0,5,2,6765,2419,1,0,0,1,1,0,1,5534
-1.0,-1.0,0.007874015748031496,4.9971618126111155e-05,4.9971618126111155e-05,-0.9842519685039368,1.0,38,0.26262626262626265,0.5398230088495575,21,2,8134,3064,1,0,0,1,0,0,0,6969
-1.0,-1.0,0.09570957095709573,0.08480126588811351,0.08480126588811351,-0.8085808580858086,1.0,235,0.24852767962308606,0.6568848758465011,22,2,8134,3064,1,0,0,1,0,1,610,6969
-1.0,-1.0,0.0,3.2208844613994704e-05,3.2208844613994704e-05,-1.0,0.10714285714285714,4,0.5597189695550351,0.2251655629139073,9,3,3164,1348,1,0,0,1,0,0,0,1999
0.0,-1.0,0.27586206896551724,0.081104871355322,0.081104871355322,-0.4482758620689655,1.0,53,0.2671232876712329,0.6621621621621622,5,3,8134,3064,1,0,0,1,1,0,3,6969
-1.0,-1.0,0.01098901098901099,4.9971618126111155e-05,4.9971618126111155e-05,-0.978021978021978,1.0,16,0.4798387096774194,0.640625,15,2,8134,3064,1,0,0,1,0,0,41,2222
-1.0,-1.0,0.01098901098901099,4.9971618126111155e-05,4.9971618126111155e-05,-0.978021978021978,1.0,39,0.2933049946865037,0.8533333333333334,40,2,8134,3064,1,0,0,1,0,0,0,6969
-1.0,-1.0,0.25,0.081104871355322,0.081104871355322,-0.5,1.0,235,0.6884467555957495,0.5846464646464646,124,2,8134,3064,1,0,0,1,0,18,610,6969
-1.0,-1.0,0.007874015748031496,4.9971618126111155e-05,4.9971618126111155e-05,-0.9842519685039368,0.06896551724137931,35,0.2544080604534005,0.7572815533980582,17,2,8134,3064,1,0,0,1,0,0,10,6969
-1.0,-1.0,0.02608695652173913,0.08480126588811351,0.08480126588811351,-0.9478260869565216,1.0,56,0.1947743467933492,1.0100502512562817,23,2,7142,2503,1,0,0,1,0,0,3,4085
0.0,-1.0,0.14285714285714285,0.018972308598876112,0.018972308598876112,-0.7142857142857143,1.0,53,0.3464788732394366,0.4672897196261682,11,3,8134,3064,1,0,0,1,0,0,3,6969
-1.0,-1.0,0.01098901098901099,4.9971618126111155e-05,4.9971618126111155e-05,-0.978021978021978,0.32142857142857145,88,0.4263261296660118,0.3577981651376147,27,2,7791,2804,1,0,0,1,0,0,1,6626
-1.0,-1.0,0.09570957095709573,0.08480126588811351,0.08480126588811351,-0.8085808580858086,0.5106382978723404,235,0.3033226152197213,0.5848670756646217,7,2,8134,3064,1,0,0,1,0,0,610,3859
-1.0,-1.0,0.09090909090909093,0.023834639568557327,0.023834639568557327,-0.8181818181818182,1.0,12,0.1522012578616352,0.2921348314606741,27,1,8134,3064,1,0,0,1,0,0,24,6969
0.0,0.0,0.1746031746031746,0.11778620008148095,0.11778620008148095,-0.32275132275132273,1.0,87,0.8095238095238095,0.9285714285714286,3,3,14286,326,1,0,0,1,1,0,113,3568
-1.0,-1.0,0.09570957095709573,0.08480126588811351,0.08480126588811351,-0.8085808580858086,1.0,235,0.5561797752808989,0.4245283018867925,6,2,8134,3064,1,0,0,1,0,0,610,6969
-1.0,-1.0,0.01098901098901099,4.9971618126111155e-05,4.9971618126111155e-05,-0.978021978021978,1.0,53,0.8152173913043478,0.13846153846153847,10,2,8134,3064,1,0,0,1,0,0,3,6969
0.0,-0.3877551020408163,0.0,0.08480126588811351,0.08480126588811351,-1.0,0.6363636363636364,52,0.10347928339212838,0.4837847262582821,297,2,8134,3064,1,0,0,1,0,116,124,521
-1.0,-1.0,0.07142857142857142,0.42773363918857626,0.42773363918857626,-0.8571428571428571,0.75,402,0.7322834645669292,0.294478527607362,24,2,9316,489,1,0,0,1,1,0,5121,3524
-1.0,-0.3333333333333333,0.0,0.08480126588811351,0.08480126588811351,-1.0,1.0,151,0.6963636363636364,0.5983606557377049,10,2,8134,3064,1,0,0,1,0,0,241,2768
-1.0,-1.0,0.07142857142857142,0.08480126588811351,0.08480126588811351,-0.8571428571428571,1.0,8,0.313893653516295,0.3771929824561404,12,2,8134,3064,1,0,0,1,0,0,0,6969
-1.0,-1.0,0.01098901098901099,4.9971618126111155e-05,4.9971618126111155e-05,-0.978021978021978,1.0,151,0.35353535353535354,0.5446685878962536,117,2,8134,3064,1,0,0,1,0,0,241,6969
-1.0,-1.0,0.09570957095709573,0.08480126588811351,0.08480126588811351,-0.8085808580858086,0.08695652173913042,235,0.3976047904191617,0.7791262135922329,25,2,8134,3064,1,0,0,1,0,0,610,6489
-1.0,-1.0,0.01098901098901099,4.9971618126111155e-05,4.9971618126111155e-05,-0.978021978021978,1.0,53,0.4392123287671233,0.8666666666666667,40,2,8134,3064,1,0,0,1,0,1,3,6969
-1.0,-1.0,0.007874015748031496,4.9971618126111155e-05,4.9971618126111155e-05,-0.9842519685039368,1.0,151,0.35523114355231145,0.4693877551020408,7,2,8134,3064,1,0,0,1,0,0,241,6969
-1.0,-1.0,0.01098901098901099,4.9971618126111155e-05,4.9971618126111155e-05,-0.978021978021978,1.0,14,0.5204379562043796,0.6642857142857143,72,2,8134,3064,1,0,0,1,0,0,98,6969
-1.0,-1.0,0.01098901098901099,4.9971618126111155e-05,4.9971618126111155e-05,-0.978021978021978,0.6666666666666666,36,0.9877300613496932,0.3333333333333333,8,2,7482,2621,1,0,0,1,0,0,2,6969
-1.0,-1.0,0.0,0.018972308598876112,0.018972308598876112,-1.0,1.0,235,0.2071097372488408,0.6966542750929368,53,2,8134,3064,1,1,0,1,0,129,610,6969
-1.0,-1.0,0.0,0.018972308598876112,0.018972308598876112,-1.0,0.7142857142857143,16,0.4516129032258064,1.1058823529411763,9,2,4740,2001,1,0,0,1,0,0,41,3575
-1.0,0.3333333333333333,0.0,0.08480126588811351,0.08480126588811351,-1.0,1.0,235,0.3673272112131464,0.484621778886118,64,2,8134,3064,1,0,0,1,0,1,610,6969
-1.0,-1.0,0.09570957095709573,0.08480126588811351,0.08480126588811351,-0.8085808580858086,0.6428571428571429,19,0.4108187134502924,0.6061452513966481,25,2,8134,3064,1,0,0,1,0,0,0,6969
-1.0,-1.0,0.01098901098901099,4.9971618126111155e-05,4.9971618126111155e-05,-0.978021978021978,1.0,53,0.636,0.7622950819672131,8,2,8134,3064,1,0,0,1,0,0,3,6969
-0.5,-1.0,0.07142857142857142,0.081104871355322,0.081104871355322,-0.8571428571428571,1.0,53,0.3453292496171516,1.0666666666666669,22,3,8134,3064,1,0,0,1,0,0,3,6969
-1.0,-1.0,0.007874015748031496,4.9971618126111155e-05,4.9971618126111155e-05,-0.9842519685039368,1.0,151,0.35036496350364965,0.4693877551020408,7,2,8134,3064,1,0,0,1,0,0,241,6969
0.0,1.0,0.27586206896551724,0.081104871355322,0.081104871355322,-0.4482758620689655,1.0,56,0.3229166666666667,0.0875,2,3,7791,2804,1,1,0,1,0,0,3,165
0.0,-1.0,0.0,0.023834639568557327,0.023834639568557327,-1.0,1.0,151,0.20883534136546186,0.4557823129251701,4,2,4429,1876,1,0,0,1,0,0,241,3264
-1.0,-1.0,0.01098901098901099,4.9971618126111155e-05,4.9971618126111155e-05,-0.978021978021978,1.0,151,0.7368421052631579,0.2631578947368421,6,2,8134,3064,1,0,0,1,0,0,241,6969
-1.0,-1.0,0.01098901098901099,4.9971618126111155e-05,4.9971618126111155e-05,-0.978021978021978,1.0,53,0.2695883134130146,0.9852941176470588,35,2,8134,3064,1,0,0,1,0,0,3,6969
-1.0,-1.0,0.01098901098901099,4.9971618126111155e-05,4.9971618126111155e-05,-0.978021978021978,1.0,16,0.4928131416837782,0.3226837060702875,23,2,8134,3064,1,0,0,1,0,27,41,6969
-0.5,-1.0,0.07142857142857142,0.081104871355322,0.081104871355322,-0.8571428571428571,0.625,6,0.5461165048543689,0.7058823529411765,13,3,7791,2804,1,0,0,1,0,0,0,6626
-1.0,-1.0,0.02608695652173913,0.08480126588811351,0.08480126588811351,-0.9478260869565216,1.0,5,0.7187039764359352,0.2302325581395349,29,3,8134,3064,1,0,0,1,0,0,0,6969
0.0,0.0,0.3191489361702128,0.4843410085820645,0.4843410085820645,-0.2765957446808511,0.2835820895522388,56,0.15112994350282485,0.15184815184815184,41,2,12763,203,1,0,0,1,0,2,177,3842
-1.0,-1.0,0.5714285714285714,0.08480126588811351,0.08480126588811351,0.14285714285714285,1.0,235,0.14175686927560366,0.5887815750371471,92,2,8134,3064,1,0,0,1,0,5,610,6969
-1.0,-1.0,0.01098901098901099,4.9971618126111155e-05,4.9971618126111155e-05,-0.978021978021978,1.0,16,0.5207373271889401,1.1058823529411763,9,2,4740,2001,1,0,0,1,0,0,41,3448
-1.0,-1.0,0.01098901098901099,4.9971618126111155e-05,4.9971618126111155e-05,-0.978021978021978,1.0,53,0.9382716049382716,0.4318181818181818,9,2,6393,2336,1,0,0,1,0,0,0,5228
-1.0,-1.0,0.007874015748031496,4.9971618126111155e-05,4.9971618126111155e-05,-0.9842519685039368,1.0,151,0.2388535031847133,0.3640776699029126,7,2,7392,2578,1,0,0,1,0,0,241,6227
-1.0,-1.0,0.007874015748031496,4.9971618126111155e-05,4.9971618126111155e-05,-0.9842519685039368,1.0,38,0.2997032640949555,0.21721311475409835,10,2,8134,3064,1,0,0,1,0,0,0,6969
-1.0,-1.0,0.047619047619047616,0.081104871355322,0.081104871355322,-0.9047619047619048,1.0,35,0.98559670781893,0.28152492668621704,9,2,7864,2847,1,0,0,1,0,0,10,6699
0.0,-1.0,0.0,0.081104871355322,0.081104871355322,-1.0,1.0,53,0.07904191616766468,0.4647058823529412,27,2,8134,3064,1,0,0,1,0,0,0,6969
-1.0,-0.6,0.02127659574468085,0.023834639568557327,0.023834639568557327,-0.9574468085106383,1.0,151,0.97265625,0.2901353965183752,16,2,8134,3064,1,1,0,1,0,2,241,1854
-1.0,-1.0,0.007874015748031496,4.9971618126111155e-05,4.9971618126111155e-05,-0.9842519685039368,1.0,88,0.3211920529801324,0.24479166666666666,11,2,8134,3064,1,0,0,1,0,0,93,6969
-1.0,-1.0,0.007874015748031496,4.9971618126111155e-05,4.9971618126111155e-05,-0.9842519685039368,1.0,16,0.3613963039014374,0.3226837060702875,23,2,8134,3064,1,0,0,1,0,27,41,6969
-1.0,-1.0,0.007874015748031496,4.9971618126111155e-05,4.9971618126111155e-05,-0.9842519685039368,0.6923076923076923,52,0.5071428571428571,0.05982905982905984,5,2,3164,1348,1,0,0,1,0,0,124,1999
-1.0,-1.0,0.25,0.6788593294460643,0.6788593294460643,-0.5,1.0,34,0.7065081351689612,0.10932475884244372,87,2,7394,117,1,0,0,1,0,0,737,6593
-1.0,-1.0,0.01098901098901099,4.9971618126111155e-05,4.9971618126111155e-05,-0.978021978021978,1.0,38,0.4722222222222222,0.5398230088495575,21,2,8134,3064,1,0,0,1,0,0,0,6969
-1.0,-1.0,0.0,0.0,0.0,-1.0,0.6666666666666666,14,0.9968814968814969,2.2411347517730498,35,3,2562,1117,1,0,0,1,0,0,0,1227
-1.0,-1.0,0.007874015748031496,4.9971618126111155e-05,4.9971618126111155e-05,-0.9842519685039368,1.0,151,0.30864197530864196,0.19661016949152546,11,2,8134,3064,1,0,0,1,0,0,241,6969
0.0,0.0,0.2478632478632479,0.4070964043141743,0.4070964043141743,-0.3247863247863248,0.2857142857142857,87,0.7631578947368421,0.5066666666666667,5,2,12729,201,1,0,0,1,0,0,113,2011
-1.0,-1.0,0.01098901098901099,4.9971618126111155e-05,4.9971618126111155e-05,-0.978021978021978,1.0,235,0.5893358278765201,0.4515103338632751,64,2,8134,3064,1,0,0,1,0,0,610,6969
-1.0,-1.0,0.007874015748031496,4.9971618126111155e-05,4.9971618126111155e-05,-0.9842519685039368,0.7142857142857143,235,0.25462962962962965,0.6016260162601627,5,2,8134,3064,1,0,0,1,0,0,610,6969
-1.0,-1.0,0.01098901098901099,4.9971618126111155e-05,4.9971618126111155e-05,-0.978021978021978,1.0,53,0.4841351074718526,0.8126272912423625,42,2,8134,3064,1,0,0,1,0,0,3,1462
-1.0,-1.0,0.01098901098901099,4.9971618126111155e-05,4.9971618126111155e-05,-0.978021978021978,0.6666666666666666,6,0.8980582524271845,0.7058823529411765,13,2,7791,2804,1,0,0,1,0,0,0,6626
-1.0,-1.0,0.007874015748031496,4.9971618126111155e-05,4.9971618126111155e-05,-0.9842519685039368,1.0,53,0.195496417604913,0.8126272912423625,42,2,8134,3064,1,0,0,1,0,0,3,1462
-1.0,-1.0,0.01098901098901099,4.9971618126111155e-05,4.9971618126111155e-05,-0.978021978021978,1.0,16,0.35714285714285715,0.4537037037037037,20,2,8134,3064,1,0,0,1,0,0,41,6969
