canonical_id,F116,F115,F117,F120,F123,F110,F105,F68,F101,F104,F65,F22,F72,F25,F3-NA,F3-String,F3-int,F15-NA,F15-public,F126,F41,F77,category
derby-B-1711,-1.0,-1.0,0.01098901098901099,4.9971618126111155e-05,4.9971618126111155e-05,-0.978021978021978,1.0,38,0.44696969696969696,0.5398230088495575,21,2,8134,3064,1,0,0,1,0,0,0,6969,close
derby-B-128,-1.0,-1.0,0.0,0.018972308598876112,0.018972308598876112,-1.0,0.7142857142857143,16,0.4516129032258064,1.1058823529411763,9,2,4740,2001,1,0,0,1,0,0,41,3575,open
ant-B-815,0.0,-1.0,0.0,0.11528486410825428,0.11528486410825428,0.0,0.6666666666666666,86,0.6511627906976745,0.591715976331361,15,2,7195,3454,1,0,0,1,0,0,0,10586,close
derby-B-122,-1.0,-1.0,0.01098901098901099,4.9971618126111155e-05,4.9971618126111155e-05,-0.978021978021978,1.0,16,0.484599589322382,0.3226837060702875,23,2,8134,3064,1,0,0,1,0,27,41,6969,close
derby-B-1585,-1.0,-1.0,0.007874015748031496,4.9971618126111155e-05,4.9971618126111155e-05,-0.9842519685039368,1.0,151,0.34793187347931875,0.4693877551020408,7,2,8134,3064,1,0,0,1,0,0,241,6969,close
derby-B-1104,0.0,-1.0,0.0,0.081104871355322,0.081104871355322,-1.0,1.0,52,0.24210526315789474,0.4074074074074074,8,2,8134,3064,1,0,0,1,0,0,124,6969,open
derby-B-1541,0.0,-1.0,0.045454545454545456,0.08480126588811351,0.08480126588811351,-0.9090909090909092,1.0,151,0.19,0.5431034482758621,10,3,8134,3064,1,0,0,1,0,2,241,6969,open
derby-B-1537,-1.0,-1.0,0.0,0.08480126588811351,0.08480126588811351,-1.0,0.6666666666666666,151,0.7341839447102605,0.5446685878962536,117,3,8134,3064,1,0,0,1,0,0,241,2245,open
derby-B-1120,-1.0,-0.3877551020408163,0.09570957095709573,0.08480126588811351,0.08480126588811351,-0.8085808580858086,1.0,52,0.6305595905097876,0.4837847262582821,297,2,8134,3064,1,0,0,1,0,116,124,2315,open
derby-B-602,-1.0,-1.0,0.02127659574468085,0.023834639568557327,0.023834639568557327,-0.9574468085106383,0.4137931034482759,35,0.6402877697841727,0.12371134020618554,3,2,8134,3064,1,0,1,1,0,0,10,6969,open
derby-B-1727,-1.0,-1.0,0.0,3.2208844613994704e-05,3.2208844613994704e-05,-1.0,0.10714285714285714,4,0.5597189695550351,0.2251655629139073,9,3,3164,1348,1,0,0,1,0,0,0,1999,open
derby-B-578,-1.0,-1.0,0.0,0.081104871355322,0.081104871355322,-1.0,1.0,53,0.16666666666666666,0.4784172661870504,10,2,7392,2578,1,0,0,1,0,0,3,6227,open
derby-B-1548,-1.0,-1.0,0.007874015748031496,4.9971618126111155e-05,4.9971618126111155e-05,-0.9842519685039368,1.0,151,0.3428571428571429,0.5771812080536913,12,2,8134,3064,1,0,0,1,0,0,241,6969,close
derby-B-195,-1.0,-1.0,0.0,0.018972308598876112,0.018972308598876112,-1.0,1.0,88,0.044715447154471545,0.18438003220611915,83,3,7791,2804,1,0,0,1,0,0,1,6626,open
derby-B-395,-1.0,-1.0,0.09570957095709573,0.08480126588811351,0.08480126588811351,-0.8085808580858086,0.6,56,0.8442367601246106,0.11353711790393012,20,2,7791,2804,1,0,0,1,0,0,3,6626,open
derby-B-2547,-1.0,-1.0,0.007874015748031496,4.9971618126111155e-05,4.9971618126111155e-05,-0.9842519685039368,0.6666666666666666,16,0.2614213197969543,0.4279475982532751,27,2,2319,755,1,0,0,1,0,0,0,1154,close
derby-B-1097,-1.0,-1.0,0.0,0.08480126588811351,0.08480126588811351,-1.0,1.0,14,0.6583629893238434,0.5256410256410257,11,3,8134,3064,1,0,0,1,1,0,98,6969,open
derby-B-1297,0.0,-1.0,0.0,0.081104871355322,0.081104871355322,-1.0,1.0,235,0.981145757795504,0.7316735822959889,23,2,8134,3064,1,0,0,1,1,1,610,6969,open
derby-B-554,-1.0,-1.0,0.09570957095709573,0.08480126588811351,0.08480126588811351,-0.8085808580858086,1.0,53,0.3168859649122807,0.5019157088122606,11,3,8134,3064,1,0,0,1,0,0,3,6969,open
derby-B-1701,-1.0,-1.0,0.007874015748031496,4.9971618126111155e-05,4.9971618126111155e-05,-0.9842519685039368,1.0,38,0.3043478260869565,0.16333333333333333,11,2,8134,3064,1,0,0,1,0,0,0,6969,close
derby-B-594,0.0,0.0,0.06349206349206349,0.08480126588811351,0.08480126588811351,-0.873015873015873,1.0,22,0.6641791044776121,0.7538461538461538,4,2,1181,24,1,0,0,1,1,114,160,16,open
derby-B-2266,0.0,-1.0,0.0,0.081104871355322,0.081104871355322,-1.0,1.0,53,0.9310344827586208,0.10526315789473684,1,2,8134,3064,1,0,0,1,0,0,0,6969,open
derby-B-540,-1.0,-1.0,0.07547169811320754,0.08480126588811351,0.08480126588811351,-0.8490566037735849,1.0,53,0.42433234421364985,0.9794520547945206,24,3,8134,3064,1,0,0,1,0,0,3,6969,open
derby-B-1311,0.0,-1.0,0.09570957095709573,0.08480126588811351,0.08480126588811351,-0.8085808580858086,0.14285714285714285,235,0.2540431266846361,0.43778280542986425,41,2,8134,3064,1,0,0,1,0,91,610,12,close
derby-B-1669,-1.0,-1.0,0.007874015748031496,4.9971618126111155e-05,4.9971618126111155e-05,-0.9842519685039368,1.0,151,0.2388535031847133,0.3640776699029126,7,2,7392,2578,1,0,0,1,0,0,241,6227,close
tomcat-B-18,0.0,0.0,0.1111111111111111,0.14753001392947815,0.14753001392947815,-0.6913580246913579,0.8333333333333334,4,0.4748201438848921,0.7692307692307693,13,2,17993,2411,1,0,0,1,1,0,0,973,open
derby-B-284,-1.0,-1.0,0.2,0.03272016230873249,0.03272016230873249,-0.6,0.13157894736842105,56,0.4551724137931034,0.47560975609756106,5,3,5586,2137,1,0,0,1,0,0,3,4421,open
derby-B-114,0.0,-1.0,0.0,0.081104871355322,0.081104871355322,-1.0,1.0,16,0.5945945945945946,0.3636363636363637,4,2,4132,1788,1,0,0,1,1,0,41,2967,open
derby-B-113,-1.0,-1.0,0.007874015748031496,4.9971618126111155e-05,4.9971618126111155e-05,-0.9842519685039368,1.0,16,0.5412087912087912,0.4537037037037037,20,2,8134,3064,1,0,0,1,0,0,41,6969,close
derby-B-1794,-1.0,-1.0,0.09570957095709573,0.08480126588811351,0.08480126588811351,-0.8085808580858086,0.15789473684210525,17,0.600656455142232,0.6476578411405295,11,2,8134,3064,1,0,0,1,0,0,0,6969,close
derby-B-204,-1.0,-1.0,0.0,0.018972308598876112,0.018972308598876112,-1.0,1.0,88,0.4956140350877193,1.0,5,2,6765,2419,1,0,0,1,1,0,1,5534,open
derby-B-526,-1.0,-1.0,0.02608695652173913,0.08480126588811351,0.08480126588811351,-0.9478260869565216,1.0,5,0.7187039764359352,0.2302325581395349,29,3,8134,3064,1,0,0,1,0,0,0,6969,open
lucene-solr-B-433,1.0,0.5,0.2857142857142857,0.4843410085820645,0.4843410085820645,-0.42857142857142855,1.0,278,0.7236842105263158,0.5550351288056206,28,2,22821,1931,1,0,0,1,0,0,868,2237,close
lucene-solr-B-1837,0.0,0.0,0.2478632478632479,0.4070964043141743,0.4070964043141743,-0.3247863247863248,0.2857142857142857,87,0.7631578947368421,0.5066666666666667,5,2,12729,201,1,0,0,1,0,0,113,2011,close
derby-B-1131,0.0,-0.3877551020408163,0.0,0.08480126588811351,0.08480126588811351,-1.0,0.6363636363636364,52,0.10347928339212838,0.4837847262582821,297,2,8134,3064,1,0,0,1,0,116,124,521,close
derby-B-598,-1.0,-1.0,0.007874015748031496,4.9971618126111155e-05,4.9971618126111155e-05,-0.9842519685039368,0.06896551724137931,35,0.2544080604534005,0.7572815533980582,17,2,8134,3064,1,0,0,1,0,0,10,6969,open
derby-B-235,0.0,-1.0,0.045454545454545456,0.08480126588811351,0.08480126588811351,-0.9090909090909092,1.0,88,0.3225806451612903,0.2692307692307692,10,3,7791,2804,1,0,0,1,1,0,1,6626,open
derby-B-1353,-1.0,-1.0,0.007874015748031496,4.9971618126111155e-05,4.9971618126111155e-05,-0.9842519685039368,1.0,235,0.9990956364458512,0.5846464646464646,124,2,8134,3064,1,0,0,1,0,18,610,1659,open
derby-B-547,-0.5,-1.0,0.07142857142857142,0.081104871355322,0.081104871355322,-0.8571428571428571,1.0,53,0.3453292496171516,1.0666666666666669,22,3,8134,3064,1,0,0,1,0,0,3,6969,open
derby-B-138,-1.0,-1.0,0.0,0.081104871355322,0.081104871355322,-1.0,1.0,16,0.7766666666666666,0.7814569536423841,28,2,8134,3064,1,0,0,1,0,0,41,6969,open
derby-B-126,-1.0,-1.0,0.0,0.08480126588811351,0.08480126588811351,-1.0,1.0,16,0.8726899383983573,0.3226837060702875,23,2,8134,3064,1,1,0,1,0,27,41,6969,open
derby-B-841,-1.0,-0.7808219178082192,0.09570957095709573,0.08480126588811351,0.08480126588811351,-0.8085808580858086,1.0,58,0.2825296825781439,0.4797665369649806,139,1,7766,2791,1,0,0,1,0,0,10,2728,open
derby-B-600,-1.0,-1.0,0.007874015748031496,4.9971618126111155e-05,4.9971618126111155e-05,-0.9842519685039368,0.10344827586206896,35,0.18724279835390947,0.28152492668621704,9,2,7864,2847,1,0,0,1,0,0,10,4936,open
derby-B-579,-1.0,-1.0,0.06349206349206349,0.08480126588811351,0.08480126588811351,-0.873015873015873,1.0,53,0.2307692307692308,0.4784172661870504,10,3,7392,2578,1,0,0,1,0,0,3,6227,open
derby-B-491,-1.0,-1.0,0.07142857142857142,0.08480126588811351,0.08480126588811351,-0.8571428571428571,1.0,8,0.313893653516295,0.3771929824561404,12,2,8134,3064,1,0,0,1,0,0,0,6969,open
derby-B-1725,-1.0,-1.0,0.0,3.2208844613994704e-05,3.2208844613994704e-05,-1.0,0.2222222222222222,4,0.5292740046838408,0.2251655629139073,9,3,3164,1348,1,0,0,1,0,0,0,1999,open
derby-B-449,-1.0,-1.0,0.01098901098901099,4.9971618126111155e-05,4.9971618126111155e-05,-0.978021978021978,1.0,12,0.15712383488681758,0.42953020134228187,52,2,8134,3064,1,0,0,1,0,0,0,6969,close
derby-B-609,-1.0,-1.0,0.01098901098901099,4.9971618126111155e-05,4.9971618126111155e-05,-0.978021978021978,0.6666666666666666,26,0.691699604743083,0.41216216216216217,12,2,8134,3064,1,0,0,1,0,0,17,6969,open
derby-B-589,-1.0,-1.0,0.007874015748031496,4.9971618126111155e-05,4.9971618126111155e-05,-0.9842519685039368,1.0,53,0.19651995905834185,0.8126272912423625,42,2,8134,3064,1,0,0,1,0,0,3,6969,close
derby-B-1930,-1.0,-1.0,0.007874015748031496,4.9971618126111155e-05,4.9971618126111155e-05,-0.9842519685039368,1.0,88,0.3211920529801324,0.24479166666666666,11,2,8134,3064,1,0,0,1,0,0,93,6969,open
lucene-solr-B-1827,0.0,0.0,0.2857142857142857,0.4070964043141743,0.4070964043141743,-0.3333333333333333,0.2727272727272727,56,0.2309322033898305,0.15184815184815184,41,2,12763,203,1,0,0,1,1,2,177,3842,close
derby-B-1513,-1.0,-1.0,0.0,0.023834639568557327,0.023834639568557327,-1.0,1.0,8,0.8942528735632184,0.608922638822971,166,2,8134,3064,1,0,0,1,0,0,0,6969,open
tomcat-B-1112,-1.0,-1.0,0.020833333333333332,0.0463645668132449,0.0463645668132449,-0.9375,0.4324324324324325,39,0.5284090909090909,1.1721518987341772,15,1,17983,2398,1,0,0,1,0,0,57,9155,open
derby-B-134,-1.0,-1.0,0.0,0.081104871355322,0.081104871355322,-1.0,1.0,16,0.7766666666666666,0.7814569536423841,28,2,8134,3064,1,0,0,1,0,0,41,6969,open
derby-B-1601,-1.0,-1.0,0.007874015748031496,4.9971618126111155e-05,4.9971618126111155e-05,-0.9842519685039368,1.0,151,0.3111111111111111,0.19661016949152546,11,2,8134,3064,1,0,0,1,0,0,241,6969,open
derby-B-1329,-1.0,-1.0,0.007874015748031496,4.9971618126111155e-05,4.9971618126111155e-05,-0.9842519685039368,0.7142857142857143,235,0.25462962962962965,0.6016260162601627,5,2,8134,3064,1,0,0,1,0,0,610,6969,open
derby-B-1319,-1.0,-1.0,0.09570957095709573,0.08480126588811351,0.08480126588811351,-0.8085808580858086,1.0,235,0.9197080291970804,0.3439306358381503,13,2,8134,3064,1,0,0,1,0,0,610,6969,close
derby-B-1350,-1.0,-1.0,0.03947368421052632,0.08480126588811351,0.08480126588811351,-0.9210526315789472,1.0,235,0.2539000678272665,0.5846464646464646,124,3,8134,3064,1,0,0,1,0,18,610,6969,open
derby-B-605,-1.0,-1.0,0.01098901098901099,4.9971618126111155e-05,4.9971618126111155e-05,-0.978021978021978,0.6666666666666666,2,0.8408304498269896,0.4705882352941176,9,2,8134,3064,1,0,0,1,0,0,0,6969,close
derby-B-1276,-1.0,-1.0,0.09570957095709573,0.08480126588811351,0.08480126588811351,-0.8085808580858086,1.0,235,0.4646153846153846,0.7295597484276729,7,2,8134,3064,1,0,0,1,1,1,610,6969,close
derby-B-1294,-1.0,0.3333333333333333,0.0,0.08480126588811351,0.08480126588811351,-1.0,1.0,235,0.3673272112131464,0.484621778886118,64,2,8134,3064,1,0,0,1,0,1,610,6969,open
derby-B-1690,-1.0,-1.0,0.007874015748031496,4.9971618126111155e-05,4.9971618126111155e-05,-0.9842519685039368,0.8,151,0.8613861386138614,0.7826086956521741,3,2,8134,3064,1,0,0,1,0,0,241,6969,open
derby-B-130,-1.0,-1.0,0.01098901098901099,4.9971618126111155e-05,4.9971618126111155e-05,-0.978021978021978,1.0,16,0.5207373271889401,1.1058823529411763,9,2,4740,2001,1,0,0,1,0,0,41,3448,close
lucene-solr-B-1295,0.0,-1.0,0.0,0.4070964043141743,0.4070964043141743,0.0,0.4,60,0.5453333333333333,0.4012605042016807,31,2,10803,20,1,0,0,1,0,0,401,1560,open
derby-B-2029,-1.0,-1.0,0.01098901098901099,4.9971618126111155e-05,4.9971618126111155e-05,-0.978021978021978,0.6666666666666666,36,0.9570552147239264,0.3333333333333333,8,2,7482,2621,1,0,0,1,0,0,2,6969,open
derby-B-156,-1.0,-1.0,0.03947368421052632,0.08480126588811351,0.08480126588811351,-0.9210526315789472,0.3333333333333333,88,0.9666666666666668,0.6864406779661016,5,3,6515,2346,1,0,0,1,0,0,1,5350,open
derby-B-659,-1.0,-1.0,0.0,0.018972308598876112,0.018972308598876112,-1.0,1.0,70,0.7769784172661871,0.5189873417721519,23,2,8134,3064,1,0,0,1,0,0,68,6735,open
derby-B-1119,1.0,-0.3877551020408163,0.09570957095709573,0.08480126588811351,0.08480126588811351,-0.8085808580858086,1.0,52,0.17396416960641906,0.4837847262582821,297,2,8134,3064,1,0,0,1,0,116,124,6969,close
derby-B-517,-1.0,-1.0,0.0,0.08480126588811351,0.08480126588811351,-1.0,1.0,39,0.4494382022471911,0.6404494382022472,11,3,8134,3064,1,0,0,1,0,0,0,6969,open
derby-B-2255,0.0,-1.0,0.0,0.081104871355322,0.081104871355322,-1.0,1.0,53,0.3478260869565217,0.3055555555555556,9,2,5173,2064,1,0,0,1,0,0,0,4008,open
derby-B-580,-1.0,-1.0,0.09570957095709573,0.08480126588811351,0.08480126588811351,-0.8085808580858086,1.0,53,0.5203619909502263,0.6491228070175439,7,2,7392,2578,1,0,0,1,0,0,3,1708,open
derby-B-527,-1.0,-1.0,0.02608695652173913,0.08480126588811351,0.08480126588811351,-0.9478260869565216,1.0,5,0.7525773195876289,0.2302325581395349,29,3,8134,3064,1,0,0,1,0,0,0,6969,open
derby-B-1226,-1.0,-1.0,0.0,0.018972308598876112,0.018972308598876112,-1.0,1.0,235,0.1997193638914873,0.5847457627118644,23,2,8134,3064,1,0,0,1,0,0,610,6969,close
derby-B-131,-1.0,-1.0,0.007874015748031496,4.9971618126111155e-05,4.9971618126111155e-05,-0.9842519685039368,0.2857142857142857,16,0.4101382488479263,1.1058823529411763,9,2,4740,2001,1,0,0,1,0,0,41,3575,close
derby-B-289,0.0,-1.0,0.045454545454545456,0.08480126588811351,0.08480126588811351,-0.9090909090909092,1.0,56,0.4421052631578947,0.10294117647058824,6,3,7791,2804,1,0,0,1,0,0,3,6626,open
derby-B-1587,-1.0,-1.0,0.007874015748031496,4.9971618126111155e-05,4.9971618126111155e-05,-0.9842519685039368,1.0,151,0.35523114355231145,0.4693877551020408,7,2,8134,3064,1,0,0,1,0,0,241,6969,close
derby-B-1557,-1.0,-1.0,0.0,0.08480126588811351,0.08480126588811351,-1.0,1.0,151,0.4397590361445783,0.6569767441860465,12,2,8134,3064,1,0,0,1,0,0,241,6969,open
derby-B-197,-1.0,-1.0,0.0,0.018972308598876112,0.018972308598876112,-1.0,1.0,88,0.04355400696864112,0.18438003220611915,83,3,7791,2804,1,0,0,1,0,0,1,6626,open
lucene-solr-B-1584,0.0,0.0,0.21739130434782608,0.4070964043141743,0.4070964043141743,-0.4239130434782609,1.0,118,0.15994962216624686,0.24214417744916825,15,3,12050,140,1,0,0,1,0,0,160,3123,open
derby-B-1722,-1.0,-1.0,0.16666666666666666,0.0022775294690879104,0.0022775294690879104,-0.6666666666666666,0.17647058823529413,4,0.8032786885245902,0.3595505617977528,10,2,3164,1348,1,0,0,1,0,0,0,1999,open
derby-B-1102,0.0,-1.0,0.0,0.081104871355322,0.081104871355322,-1.0,1.0,52,0.42138364779874216,1.0147058823529411,7,2,8134,3064,1,0,0,1,1,0,124,6969,open
derby-B-139,-1.0,-1.0,0.03947368421052632,0.08480126588811351,0.08480126588811351,-0.9210526315789472,1.0,16,0.9816666666666668,0.7814569536423841,28,3,8134,3064,1,0,0,1,0,0,41,3006,open
ant-B-1,-1.0,-1.0,0.0,0.010087401498933349,0.010087401498933349,-1.0,0.8333333333333334,146,0.9980818414322252,0.9756427604871448,60,2,13254,4548,1,0,0,1,0,46,0,896,open
derby-B-1583,-1.0,-1.0,0.007874015748031496,4.9971618126111155e-05,4.9971618126111155e-05,-0.9842519685039368,1.0,151,0.34549878345498786,0.4693877551020408,7,2,8134,3064,1,0,0,1,0,0,241,6969,close
derby-B-1342,-1.0,-1.0,0.09570957095709573,0.08480126588811351,0.08480126588811351,-0.8085808580858086,0.4615384615384616,235,0.9175764192139738,0.6476578411405295,80,2,8134,3064,1,0,0,1,0,0,610,1645,close
derby-B-521,-1.0,-1.0,0.02608695652173913,0.08480126588811351,0.08480126588811351,-0.9478260869565216,1.0,10,0.4840989399293286,0.4953560371517028,20,3,8134,3064,1,0,0,1,1,41,98,6969,open
derby-B-123,-1.0,-1.0,0.007874015748031496,4.9971618126111155e-05,4.9971618126111155e-05,-0.9842519685039368,1.0,16,0.3634496919917865,0.3226837060702875,23,2,8134,3064,1,0,0,1,0,27,41,6969,close
derby-B-1695,-1.0,-1.0,0.01098901098901099,4.9971618126111155e-05,4.9971618126111155e-05,-0.978021978021978,1.0,151,0.8278688524590164,0.4388489208633093,16,2,8134,3064,1,0,0,1,0,0,241,6969,open
derby-B-1205,-1.0,-1.0,0.007874015748031496,4.9971618126111155e-05,4.9971618126111155e-05,-0.9842519685039368,0.6923076923076923,52,0.5071428571428571,0.05982905982905984,5,2,3164,1348,1,0,0,1,0,0,124,1999,close
lucene-solr-B-1829,0.0,0.0,0.1746031746031746,0.11778620008148095,0.11778620008148095,-0.32275132275132273,1.0,56,0.0903954802259887,0.15184815184815184,41,3,12763,203,1,0,0,1,0,2,177,3842,open
derby-B-2322,-1.0,-1.0,0.0,0.018972308598876112,0.018972308598876112,-1.0,1.0,53,0.3982035928143712,0.4647058823529412,27,2,8134,3064,1,0,0,1,0,0,0,6969,open
derby-B-1098,-1.0,-1.0,0.02608695652173913,0.08480126588811351,0.08480126588811351,-0.9478260869565216,1.0,14,0.6415094339622641,0.13580246913580246,4,3,8134,3064,1,0,0,1,0,0,98,5867,open
derby-B-2342,-1.0,-1.0,0.01098901098901099,4.9971618126111155e-05,4.9971618126111155e-05,-0.978021978021978,0.6666666666666666,5,0.9965870307167236,0.35356200527704484,24,2,2556,879,1,0,0,1,0,0,0,1391,close
derby-B-1457,-1.0,-1.0,0.09570957095709573,0.08480126588811351,0.08480126588811351,-0.8085808580858086,1.0,235,0.9209039548022598,0.6666666666666666,7,2,8134,3064,1,0,0,1,0,0,610,6969,close
cassandra-B-889,0.0,-0.9121951219512195,0.0,0.6788593294460643,0.6788593294460643,-1.0,1.0,402,0.6328311980853161,0.0674574191475065,24,3,11584,832,1,0,0,1,0,0,5121,5763,open
derby-B-1250,-1.0,-1.0,0.0,0.08480126588811351,0.08480126588811351,-1.0,0.6,235,0.7368421052631579,0.25146198830409355,5,3,3012,1217,1,0,0,1,0,0,610,1650,open
derby-B-569,-1.0,-1.0,0.01098901098901099,4.9971618126111155e-05,4.9971618126111155e-05,-0.978021978021978,1.0,53,0.4392123287671233,0.8666666666666667,40,2,8134,3064,1,0,0,1,0,1,3,6969,close
cassandra-B-1171,-1.0,-1.0,0.0,0.42773363918857626,0.42773363918857626,-1.0,0.875,402,0.5433070866141733,0.294478527607362,24,3,9316,489,1,0,0,1,0,0,5121,3524,open
derby-B-1468,-1.0,-1.0,0.0,0.08480126588811351,0.08480126588811351,-1.0,1.0,235,0.5684535287311994,0.9118869492934332,53,2,8134,3064,1,0,0,1,0,0,610,6969,close
derby-B-1227,-1.0,-1.0,0.0,0.08480126588811351,0.08480126588811351,-1.0,1.0,235,0.27502338634237605,0.5847457627118644,23,2,8134,3064,1,0,0,1,0,0,610,6969,open
derby-B-1095,-1.0,-1.0,0.007874015748031496,4.9971618126111155e-05,4.9971618126111155e-05,-0.9842519685039368,1.0,14,0.2949852507374631,0.6573033707865169,15,2,8134,3064,1,0,0,1,0,0,98,6969,close
derby-B-1304,-1.0,-1.0,0.09570957095709573,0.08480126588811351,0.08480126588811351,-0.8085808580858086,0.5106382978723404,235,0.3033226152197213,0.5848670756646217,7,2,8134,3064,1,0,0,1,0,0,610,3859,close
derby-B-1534,-1.0,-1.0,0.007874015748031496,4.9971618126111155e-05,4.9971618126111155e-05,-0.9842519685039368,1.0,151,0.3434343434343434,0.5446685878962536,117,2,8134,3064,1,0,0,1,0,0,241,6969,close
derby-B-1236,-1.0,-1.0,0.03947368421052632,0.08480126588811351,0.08480126588811351,-0.9210526315789472,1.0,235,0.3264733395696913,0.4515103338632751,64,3,8134,3064,1,0,0,1,0,0,610,6969,open
derby-B-1269,-1.0,-1.0,0.03947368421052632,0.08480126588811351,0.08480126588811351,-0.9210526315789472,1.0,235,0.1565040650406504,0.5277296360485269,46,3,8134,3064,1,0,0,1,1,0,610,6969,open
derby-B-1084,0.0,-1.0,0.1,0.023834639568557327,0.023834639568557327,-0.8,1.0,14,0.1393188854489164,0.7919463087248322,12,3,8134,3064,1,0,0,1,0,0,98,6969,open
tomcat-B-1110,-1.0,-1.0,0.0,0.010645521845462358,0.010645521845462358,-1.0,0.8064516129032258,39,0.41989881956155145,0.8666666666666667,22,2,17709,2264,1,1,1,1,0,0,57,6058,close
derby-B-1589,0.0,-1.0,0.0,0.023834639568557327,0.023834639568557327,-1.0,1.0,151,0.20883534136546186,0.4557823129251701,4,2,4429,1876,1,0,0,1,0,0,241,3264,open
derby-B-1728,-1.0,-1.0,0.02127659574468085,0.023834639568557327,0.023834639568557327,-0.9574468085106383,0.6428571428571429,4,0.3934426229508197,0.2251655629139073,9,2,3164,1348,1,0,0,1,1,0,0,1999,open
derby-B-1506,-1.0,-1.0,0.09570957095709573,0.08480126588811351,0.08480126588811351,-0.8085808580858086,1.0,235,0.6153846153846154,0.3895131086142322,7,2,2965,1165,1,0,0,1,0,1,610,1800,close
derby-B-1459,-1.0,-1.0,0.07547169811320754,0.08480126588811351,0.08480126588811351,-0.8490566037735849,1.0,235,0.852112676056338,0.3620689655172414,5,3,7959,2897,1,0,0,1,0,0,610,2300,open
derby-B-1592,0.0,-1.0,0.14285714285714285,0.018972308598876112,0.018972308598876112,-0.7142857142857143,1.0,151,0.35931790499390986,0.6214442013129103,22,3,8134,3064,1,0,0,1,0,5,241,1816,open
derby-B-2253,-1.0,-1.0,0.007874015748031496,4.9971618126111155e-05,4.9971618126111155e-05,-0.9842519685039368,0.8333333333333334,53,0.5304347826086957,0.3055555555555556,9,2,5173,2064,1,0,0,1,0,0,0,4008,close
tomcat-B-879,-1.0,-1.0,0.07407407407407407,0.3712370758067992,0.3712370758067992,-0.7777777777777778,1.0,4,0.6746987951807228,0.6086956521739131,4,3,13323,862,1,0,0,1,0,0,0,8272,open
derby-B-136,-1.0,-1.0,0.02608695652173913,0.08480126588811351,0.08480126588811351,-0.9478260869565216,0.75,16,0.9966666666666668,0.7814569536423841,28,3,8134,3064,1,0,0,1,0,0,41,3006,open
derby-B-302,-1.0,-0.9473684210526316,0.09570957095709573,0.08480126588811351,0.08480126588811351,-0.8085808580858086,0.8181818181818182,56,0.07292917166866747,0.5530101225359616,129,2,7791,2804,1,0,0,1,0,0,3,6621,close
derby-B-1588,-1.0,-1.0,0.0,0.08480126588811351,0.08480126588811351,-1.0,1.0,151,0.795,0.6492890995260664,13,3,7267,2525,1,0,0,1,0,0,241,6969,open
derby-B-307,-1.0,-0.9473684210526316,0.09570957095709573,0.08480126588811351,0.08480126588811351,-0.8085808580858086,1.0,56,0.9429771908763506,0.5530101225359616,129,2,7791,2804,1,0,0,1,0,0,3,6626,open
derby-B-1235,-1.0,-1.0,0.01098901098901099,4.9971618126111155e-05,4.9971618126111155e-05,-0.978021978021978,1.0,235,0.5893358278765201,0.4515103338632751,64,2,8134,3064,1,0,0,1,0,0,610,6969,open
derby-B-1703,-1.0,-1.0,0.007874015748031496,4.9971618126111155e-05,4.9971618126111155e-05,-0.9842519685039368,1.0,38,0.2997032640949555,0.21721311475409835,10,2,8134,3064,1,0,0,1,0,0,0,6969,close
derby-B-1611,0.0,-1.0,0.01098901098901099,4.9971618126111155e-05,4.9971618126111155e-05,-0.978021978021978,1.0,151,0.956989247311828,0.7611940298507462,11,2,8134,3064,1,0,0,1,0,0,241,6969,open
derby-B-1355,-1.0,-1.0,0.09570957095709573,0.08480126588811351,0.08480126588811351,-0.8085808580858086,1.0,235,0.6356466876971609,0.9536723163841808,82,2,8134,3064,1,0,0,1,0,0,610,6969,close
derby-B-301,1.0,-0.9473684210526316,0.02127659574468085,0.08480126588811351,0.08480126588811351,-0.9574468085106383,0.28205128205128205,56,0.8472388955582233,0.5530101225359616,129,3,7791,2804,1,0,0,1,0,0,3,6626,open
ant-B-819,-1.0,-1.0,0.04385964912280702,0.28036495254003496,0.28036495254003496,-0.912280701754386,0.5789473684210527,86,0.7408637873754153,0.591715976331361,15,3,7195,3454,1,0,0,1,0,0,0,12267,open
commons-B-62,-1.0,-1.0,0.0,0.0,0.0,-1.0,0.6666666666666666,33,0.9995777027027029,2.025355871886121,180,1,2562,1117,1,0,0,1,1,558,1183,279,close
derby-B-550,-1.0,-1.0,0.09570957095709573,0.08480126588811351,0.08480126588811351,-0.8085808580858086,1.0,53,0.4316069057104914,0.9852941176470588,35,2,8134,3064,1,0,0,1,0,0,3,6969,close
tomcat-B-703,-1.0,-0.8461538461538461,0.020833333333333332,0.0463645668132449,0.0463645668132449,-0.9375,1.0,6,0.8797272163670179,0.3982558139534884,81,1,17709,2264,1,0,0,1,0,0,0,9256,open
derby-B-1287,-1.0,-1.0,0.007874015748031496,4.9971618126111155e-05,4.9971618126111155e-05,-0.9842519685039368,1.0,235,0.9868859283930058,0.5887815750371471,92,2,8134,3064,1,0,0,1,0,5,610,6969,open
derby-B-610,-1.0,-1.0,0.01098901098901099,4.9971618126111155e-05,4.9971618126111155e-05,-0.978021978021978,0.6666666666666666,26,0.6561264822134387,0.41216216216216217,12,2,8134,3064,1,0,0,1,0,0,17,6969,open
derby-B-2321,0.0,-1.0,0.0,0.081104871355322,0.081104871355322,-1.0,1.0,53,0.07904191616766468,0.4647058823529412,27,2,8134,3064,1,0,0,1,0,0,0,6969,open
derby-B-574,-1.0,-1.0,0.007874015748031496,4.9971618126111155e-05,4.9971618126111155e-05,-0.9842519685039368,1.0,53,0.5188356164383562,0.8666666666666667,40,2,8134,3064,1,0,0,1,1,1,3,6969,close
derby-B-1083,-1.0,-1.0,0.007874015748031496,4.9971618126111155e-05,4.9971618126111155e-05,-0.9842519685039368,1.0,14,0.4497354497354497,0.4322033898305085,6,2,8134,3064,1,0,0,1,0,0,98,6969,close
derby-B-260,-1.0,-1.0,0.2608695652173913,0.018972308598876112,0.018972308598876112,-0.4782608695652174,0.3145161290322581,4,0.8006329113924051,0.35514018691588783,4,2,4197,1798,1,0,0,1,0,0,0,3032,open
derby-B-1298,-1.0,-1.0,0.09570957095709573,0.08480126588811351,0.08480126588811351,-0.8085808580858086,1.0,235,0.5339074273412271,0.7397849462365591,20,2,8134,3064,1,0,1,1,1,0,610,1348,open
derby-B-1719,-1.0,-1.0,0.007874015748031496,4.9971618126111155e-05,4.9971618126111155e-05,-0.9842519685039368,1.0,38,0.26262626262626265,0.5398230088495575,21,2,8134,3064,1,0,0,1,0,0,0,6969,close
derby-B-1958,-1.0,-1.0,0.007874015748031496,4.9971618126111155e-05,4.9971618126111155e-05,-0.9842519685039368,1.0,88,0.8285714285714286,0.08695652173913042,2,2,7482,2621,1,0,0,1,0,0,93,6969,open
derby-B-1715,-1.0,-1.0,0.007874015748031496,4.9971618126111155e-05,4.9971618126111155e-05,-0.9842519685039368,1.0,38,0.2525252525252525,0.5398230088495575,21,2,8134,3064,1,0,0,1,0,0,0,6969,close
derby-B-305,-1.0,-0.9473684210526316,0.09570957095709573,0.08480126588811351,0.08480126588811351,-0.8085808580858086,1.0,56,0.9216686674669868,0.5530101225359616,129,2,7791,2804,1,0,0,1,0,0,3,6626,open
derby-B-125,-1.0,-1.0,0.007874015748031496,4.9971618126111155e-05,4.9971618126111155e-05,-0.9842519685039368,1.0,16,0.3613963039014374,0.3226837060702875,23,2,8134,3064,1,0,0,1,0,27,41,6969,close
derby-B-1896,-1.0,-1.0,0.007874015748031496,4.9971618126111155e-05,4.9971618126111155e-05,-0.9842519685039368,1.0,88,0.2769230769230769,0.2740384615384616,11,2,8130,3021,1,0,0,1,0,0,93,6969,open
derby-B-116,-1.0,-1.0,0.01098901098901099,4.9971618126111155e-05,4.9971618126111155e-05,-0.978021978021978,1.0,16,0.3522388059701492,1.4715447154471544,10,2,8134,3064,1,0,0,1,0,0,41,1462,close
derby-B-1204,-1.0,-1.0,0.007874015748031496,4.9971618126111155e-05,4.9971618126111155e-05,-0.9842519685039368,0.5625,52,0.5384615384615384,0.06779661016949153,5,2,3164,1348,1,0,0,1,0,0,124,1999,close
derby-B-1509,-1.0,-1.0,0.07547169811320754,0.08480126588811351,0.08480126588811351,-0.8490566037735849,1.0,8,0.8333333333333334,0.288135593220339,8,3,8134,3064,1,0,0,1,0,0,0,6969,open
derby-B-1455,-1.0,-1.0,0.0,0.018972308598876112,0.018972308598876112,-1.0,1.0,235,0.2071097372488408,0.6966542750929368,53,2,8134,3064,1,1,0,1,0,129,610,6969,open
derby-B-2119,-1.0,-1.0,0.007874015748031496,4.9971618126111155e-05,4.9971618126111155e-05,-0.9842519685039368,0.8571428571428571,53,0.2558139534883721,0.6097560975609756,5,2,8134,3064,1,0,0,1,0,0,0,6969,close
cassandra-B-1170,-1.0,-1.0,0.07142857142857142,0.42773363918857626,0.42773363918857626,-0.8571428571428571,0.75,402,0.7322834645669292,0.294478527607362,24,2,9316,489,1,0,0,1,1,0,5121,3524,close
derby-B-1606,-1.0,-1.0,0.007874015748031496,4.9971618126111155e-05,4.9971618126111155e-05,-0.9842519685039368,1.0,151,0.3975308641975309,0.19661016949152546,11,2,8134,3064,1,0,0,1,1,0,241,6969,open
derby-B-553,0.0,-1.0,0.27586206896551724,0.081104871355322,0.081104871355322,-0.4482758620689655,1.0,53,0.15272727272727274,0.5,10,3,8134,3064,1,0,0,1,0,0,3,6969,open
derby-B-1602,-1.0,-1.0,0.007874015748031496,4.9971618126111155e-05,4.9971618126111155e-05,-0.9842519685039368,1.0,151,0.3160493827160494,0.19661016949152546,11,2,8134,3064,1,0,0,1,0,0,241,6969,open
derby-B-1605,-1.0,-1.0,0.007874015748031496,4.9971618126111155e-05,4.9971618126111155e-05,-0.9842519685039368,1.0,151,0.30864197530864196,0.19661016949152546,11,2,8134,3064,1,0,0,1,0,0,241,6969,open
derby-B-148,-1.0,-1.0,0.01098901098901099,4.9971618126111155e-05,4.9971618126111155e-05,-0.978021978021978,0.6666666666666666,6,0.8980582524271845,0.7058823529411765,13,2,7791,2804,1,0,0,1,0,0,0,6626,close
derby-B-1484,-1.0,-1.0,0.020833333333333332,3.2208844613994704e-05,3.2208844613994704e-05,-0.9583333333333334,0.6666666666666666,235,0.7794117647058824,0.11204481792717087,27,1,8134,3064,1,0,0,1,0,0,610,6969,open
derby-B-1094,-1.0,-1.0,0.01098901098901099,4.9971618126111155e-05,4.9971618126111155e-05,-0.978021978021978,1.0,14,0.4365781710914454,0.6573033707865169,15,2,8134,3064,1,0,0,1,0,0,98,6969,close
derby-B-2254,-1.0,-1.0,0.007874015748031496,4.9971618126111155e-05,4.9971618126111155e-05,-0.9842519685039368,0.6666666666666666,53,0.5217391304347826,0.3055555555555556,9,2,5173,2064,1,0,0,1,0,0,0,4008,close
derby-B-291,-1.0,-1.0,0.02127659574468085,0.08480126588811351,0.08480126588811351,-0.9574468085106383,0.07291666666666667,56,0.29063286587558435,0.2879156528791565,132,3,7791,2804,1,1,0,1,0,0,3,6626,open
derby-B-1517,-1.0,-1.0,0.007874015748031496,4.9971618126111155e-05,4.9971618126111155e-05,-0.9842519685039368,1.0,151,0.4043715846994536,0.7934782608695652,3,2,5543,2127,1,0,0,1,0,0,241,6969,open
derby-B-573,-1.0,-1.0,0.007874015748031496,4.9971618126111155e-05,4.9971618126111155e-05,-0.9842519685039368,1.0,53,0.5436643835616438,0.8666666666666667,40,2,8134,3064,1,0,0,1,0,1,3,6969,close
derby-B-110,-1.0,-1.0,0.007874015748031496,4.9971618126111155e-05,4.9971618126111155e-05,-0.9842519685039368,1.0,16,0.2774725274725275,0.4537037037037037,20,2,8134,3064,1,0,0,1,0,0,41,6969,close
derby-B-1308,-1.0,-1.0,0.07547169811320754,0.08480126588811351,0.08480126588811351,-0.8490566037735849,1.0,235,0.9157303370786516,0.4245283018867925,6,3,8134,3064,1,0,0,1,0,0,610,6969,open
derby-B-1199,-1.0,-1.0,0.09570957095709573,0.08480126588811351,0.08480126588811351,-0.8085808580858086,1.0,52,0.622680412371134,0.2870662460567823,5,2,8134,3064,1,0,0,1,0,0,124,6969,close
derby-B-155,0.0,-1.0,0.1,0.023834639568557327,0.023834639568557327,-0.8,1.0,88,0.4383561643835616,0.8235294117647058,5,3,5209,2075,1,0,0,1,0,0,1,4044,open
derby-B-124,-1.0,-1.0,0.007874015748031496,4.9971618126111155e-05,4.9971618126111155e-05,-0.9842519685039368,1.0,16,0.3593429158110883,0.3226837060702875,23,2,8134,3064,1,0,0,1,0,27,41,6969,close
derby-B-618,-1.0,-1.0,0.0,0.081104871355322,0.081104871355322,-1.0,1.0,3,0.961612284069098,0.0779510022271715,47,2,8134,3064,1,0,0,1,0,0,0,6969,open
jmeter-B-241,-1.0,-1.0,0.2280701754385965,0.005381474432391197,0.005381474432391197,-0.5263157894736842,0.4166666666666667,41,0.4540626659585768,0.4215017064846416,117,1,5492,191,1,0,0,1,0,0,118,7450,open
derby-B-2028,-1.0,-1.0,0.01098901098901099,4.9971618126111155e-05,4.9971618126111155e-05,-0.978021978021978,0.6666666666666666,36,0.9877300613496932,0.3333333333333333,8,2,7482,2621,1,0,0,1,0,0,2,6969,open
ant-B-818,-1.0,-1.0,0.04385964912280702,0.28036495254003496,0.28036495254003496,-0.912280701754386,0.4,86,0.9833887043189368,0.591715976331361,15,3,7195,3454,1,1,0,1,0,0,0,12267,open
derby-B-539,-1.0,-1.0,0.007874015748031496,4.9971618126111155e-05,4.9971618126111155e-05,-0.9842519685039368,1.0,53,0.7210682492581603,0.9794520547945206,24,2,8134,3064,1,0,0,1,0,0,3,6969,close
derby-B-1271,-1.0,-1.0,0.06349206349206349,0.08480126588811351,0.08480126588811351,-0.873015873015873,1.0,235,0.7514792899408284,0.4104234527687297,16,3,8134,3064,1,0,0,1,0,0,610,4742,open
derby-B-888,-1.0,-0.6,0.0,0.08480126588811351,0.08480126588811351,-1.0,0.15384615384615385,14,0.9233226837060704,0.7935483870967742,14,2,8134,3064,1,0,0,1,0,0,0,6969,close
lucene-solr-B-1583,0.0,0.0,0.16666666666666666,0.4070964043141743,0.4070964043141743,-0.4166666666666667,0.36585365853658536,118,0.12342569269521413,0.24214417744916825,15,2,12050,140,1,0,0,1,0,0,160,3123,close
derby-B-492,-1.0,-1.0,0.0,0.08480126588811351,0.08480126588811351,-1.0,1.0,8,0.6585365853658537,0.2549019607843137,2,3,8134,3064,1,0,0,1,1,0,0,6969,open
derby-B-613,-1.0,-1.0,0.020833333333333332,3.2208844613994704e-05,3.2208844613994704e-05,-0.9583333333333334,1.0,3,0.6530612244897959,0.05263157894736842,4,1,8134,3064,1,0,0,1,0,0,0,2990,open
derby-B-1207,-1.0,-1.0,0.007874015748031496,4.9971618126111155e-05,4.9971618126111155e-05,-0.9842519685039368,0.7692307692307693,52,0.5142857142857142,0.05982905982905984,5,2,3164,1348,1,0,0,1,0,0,124,1999,close
derby-B-1603,-1.0,-1.0,0.007874015748031496,4.9971618126111155e-05,4.9971618126111155e-05,-0.9842519685039368,1.0,151,0.3185185185185185,0.19661016949152546,11,2,8134,3064,1,0,0,1,0,0,241,6969,open
derby-B-1726,-1.0,-1.0,0.0,3.2208844613994704e-05,3.2208844613994704e-05,-1.0,0.09090909090909093,4,0.4168618266978923,0.2251655629139073,9,3,3164,1348,1,0,0,1,0,0,0,1999,open
derby-B-2283,0.0,-1.0,0.0,0.081104871355322,0.081104871355322,-1.0,1.0,53,0.8723404255319149,0.3333333333333333,3,3,8134,3064,1,0,0,1,1,0,0,6969,open
derby-B-229,-1.0,-1.0,0.007874015748031496,4.9971618126111155e-05,4.9971618126111155e-05,-0.9842519685039368,0.375,88,0.4899328859060403,0.4691358024691358,17,2,7791,2804,1,0,0,1,1,0,1,6626,close
derby-B-1330,-1.0,-1.0,0.007874015748031496,4.9971618126111155e-05,4.9971618126111155e-05,-0.9842519685039368,0.8571428571428571,235,0.25925925925925924,0.6016260162601627,5,2,8134,3064,1,0,0,1,0,0,610,6969,open
derby-B-1550,-1.0,-0.3333333333333333,0.0,0.08480126588811351,0.08480126588811351,-1.0,1.0,151,0.6963636363636364,0.5983606557377049,10,2,8134,3064,1,0,0,1,0,0,241,2768,open
derby-B-237,-1.0,-1.0,0.01098901098901099,4.9971618126111155e-05,4.9971618126111155e-05,-0.978021978021978,0.19135802469135804,88,0.4538310412573674,0.3577981651376147,27,2,7791,2804,1,0,0,1,0,0,1,6626,open
derby-B-132,-1.0,-1.0,0.007874015748031496,4.9971618126111155e-05,4.9971618126111155e-05,-0.9842519685039368,0.42857142857142855,16,0.4147465437788018,1.1058823529411763,9,2,4740,2001,1,0,0,1,0,0,41,3575,close
derby-B-2320,-1.0,-1.0,0.007874015748031496,4.9971618126111155e-05,4.9971618126111155e-05,-0.9842519685039368,1.0,53,0.17005988023952096,0.4647058823529412,27,2,8134,3064,1,0,0,1,0,0,0,6969,close
derby-B-306,-1.0,-0.9473684210526316,0.09570957095709573,0.08480126588811351,0.08480126588811351,-0.8085808580858086,1.0,56,0.9324729891956782,0.5530101225359616,129,2,7791,2804,1,0,0,1,0,0,3,6621,open
derby-B-1460,-1.0,-1.0,0.07547169811320754,0.08480126588811351,0.08480126588811351,-0.8490566037735849,1.0,235,0.9859154929577464,0.3620689655172414,5,3,7959,2897,1,0,0,1,0,0,610,5095,open
derby-B-603,-1.0,-1.0,0.02127659574468085,0.023834639568557327,0.023834639568557327,-0.9574468085106383,0.4444444444444444,35,0.7331378299120235,0.40049751243781095,14,2,8134,3064,1,0,0,1,0,0,10,6969,open
derby-B-396,-1.0,-1.0,0.09570957095709573,0.08480126588811351,0.08480126588811351,-0.8085808580858086,0.1125,56,0.4890965732087227,0.11353711790393012,20,3,7791,2804,1,0,0,1,0,0,3,6626,open
derby-B-1582,-1.0,-1.0,0.007874015748031496,4.9971618126111155e-05,4.9971618126111155e-05,-0.9842519685039368,1.0,151,0.35036496350364965,0.4693877551020408,7,2,8134,3064,1,0,0,1,0,0,241,6969,close
derby-B-617,-1.0,-1.0,0.2,0.03272016230873249,0.03272016230873249,-0.6,1.0,3,0.18618042226487524,0.0779510022271715,47,2,8134,3064,1,0,0,1,0,0,0,6969,open
tomcat-B-702,-1.0,-1.0,0.07692307692307693,0.3712370758067992,0.3712370758067992,-0.8076923076923077,0.03125,6,0.607095926412615,0.4469026548672566,36,2,13323,862,1,0,0,1,0,0,0,9256,close
derby-B-294,-1.0,-1.0,0.007874015748031496,4.9971618126111155e-05,4.9971618126111155e-05,-0.9842519685039368,0.75,56,0.8586839266450917,0.2879156528791565,132,2,7791,2804,1,0,0,1,0,0,3,5748,open
tomcat-B-944,0.0,-1.0,0.0,0.14753001392947815,0.14753001392947815,-1.0,1.0,32,0.56,0.41216216216216217,11,2,18084,2471,1,0,0,1,0,0,0,9256,open
derby-B-115,-1.0,-1.0,0.01098901098901099,4.9971618126111155e-05,4.9971618126111155e-05,-0.978021978021978,1.0,16,0.3283582089552239,1.4715447154471544,10,2,8134,3064,1,0,0,1,0,0,41,6969,close
derby-B-1096,-1.0,-1.0,0.0,0.03272016230873249,0.03272016230873249,-1.0,1.0,14,0.3468286099865047,0.4384787472035794,12,1,8134,3064,1,0,0,1,0,0,98,6969,open
derby-B-1133,-1.0,-0.3877551020408163,0.0,0.08480126588811351,0.08480126588811351,-1.0,1.0,52,0.4562495676834751,0.4837847262582821,297,2,8134,3064,1,0,0,1,1,116,124,6969,open
derby-B-2252,-1.0,-1.0,0.01098901098901099,4.9971618126111155e-05,4.9971618126111155e-05,-0.978021978021978,1.0,53,0.7739130434782608,0.3055555555555556,9,2,5173,2064,1,0,0,1,0,0,0,4008,close
derby-B-2549,-1.0,-1.0,0.0,0.018972308598876112,0.018972308598876112,-1.0,1.0,19,0.29523809523809524,0.2033195020746888,4,2,8134,3064,1,0,0,1,0,0,2,6969,open
derby-B-1473,-1.0,-1.0,0.09570957095709573,0.08480126588811351,0.08480126588811351,-0.8085808580858086,1.0,235,0.06537982565379825,0.37549019607843137,28,2,8134,3064,1,0,0,1,0,0,610,3546,close
derby-B-228,-1.0,-1.0,0.01098901098901099,4.9971618126111155e-05,4.9971618126111155e-05,-0.978021978021978,0.6666666666666666,88,0.5570469798657718,0.4691358024691358,17,2,7791,2804,1,0,0,1,0,0,1,6626,close
derby-B-1538,0.0,-1.0,0.0,0.08480126588811351,0.08480126588811351,-1.0,1.0,151,0.7118553960659224,0.5446685878962536,117,2,8134,3064,1,0,0,1,0,0,241,6969,open
derby-B-1277,-1.0,-1.0,0.0,0.08480126588811351,0.08480126588811351,-1.0,1.0,235,0.8863636363636364,0.25892857142857145,6,2,8134,3064,1,0,0,1,0,0,610,6969,open
derby-B-1223,-1.0,-1.0,0.02127659574468085,0.08480126588811351,0.08480126588811351,-0.9574468085106383,1.0,235,0.6770491803278689,0.7130890052356021,51,3,8134,3064,1,0,0,1,1,0,610,6969,open
derby-B-1543,-1.0,-1.0,0.01098901098901099,4.9971618126111155e-05,4.9971618126111155e-05,-0.978021978021978,1.0,151,0.95625,0.32653061224489793,11,2,8134,3064,1,0,0,1,0,0,241,6969,open
cassandra-B-888,-1.0,-0.9121951219512195,0.07142857142857142,0.42773363918857626,0.42773363918857626,-0.8571428571428571,1.0,402,0.6359988737153316,0.0674574191475065,24,2,11584,832,1,0,0,1,0,0,5121,4688,close
cassandra-B-1256,0.0,0.0,0.0,0.42773363918857626,0.42773363918857626,-1.0,1.0,57,0.9351851851851852,0.2278481012658228,4,2,7382,115,1,0,0,1,0,0,290,521,close
derby-B-1567,-1.0,-0.6363636363636364,0.0,0.018972308598876112,0.018972308598876112,-1.0,1.0,151,0.2333804809052334,0.17995910020449898,23,2,8134,3064,1,0,0,1,0,2,241,6969,close
derby-B-586,-1.0,-1.0,0.01098901098901099,4.9971618126111155e-05,4.9971618126111155e-05,-0.978021978021978,1.0,53,0.2835209825997953,0.8126272912423625,42,2,8134,3064,1,0,0,1,0,0,3,6969,close
derby-B-1717,-1.0,-1.0,0.007874015748031496,4.9971618126111155e-05,4.9971618126111155e-05,-0.9842519685039368,1.0,38,0.25505050505050497,0.5398230088495575,21,2,8134,3064,1,0,0,1,0,0,0,6969,close
derby-B-1352,-1.0,-1.0,0.007874015748031496,4.9971618126111155e-05,4.9971618126111155e-05,-0.9842519685039368,1.0,235,0.9993217273343884,0.5846464646464646,124,2,8134,3064,1,0,0,1,0,18,610,1659,open
derby-B-538,-1.0,-1.0,0.007874015748031496,4.9971618126111155e-05,4.9971618126111155e-05,-0.9842519685039368,1.0,53,0.7181008902077152,0.9794520547945206,24,2,8134,3064,1,0,0,1,0,0,3,6969,close
derby-B-1518,-1.0,-1.0,0.007874015748031496,4.9971618126111155e-05,4.9971618126111155e-05,-0.9842519685039368,1.0,151,0.3989071038251366,0.7934782608695652,3,2,5543,2127,1,0,0,1,0,0,241,6969,open
derby-B-1327,-1.0,-1.0,0.07547169811320754,0.08480126588811351,0.08480126588811351,-0.8490566037735849,1.0,235,0.7756183745583038,0.6568848758465011,22,3,8134,3064,1,0,0,1,0,1,610,6969,open
derby-B-117,-1.0,-1.0,0.007874015748031496,4.9971618126111155e-05,4.9971618126111155e-05,-0.9842519685039368,1.0,16,0.24776119402985075,1.4715447154471544,10,2,8134,3064,1,0,0,1,0,0,41,6969,close
derby-B-1511,-1.0,-1.0,0.0,0.023834639568557327,0.023834639568557327,-1.0,0.525,8,0.5180076628352489,0.608922638822971,166,1,8134,3064,1,0,0,1,0,0,0,6969,open
cassandra-B-665,0.0,0.0,0.07142857142857142,0.42773363918857626,0.42773363918857626,-0.8571428571428571,1.0,65,0.927927927927928,0.2,6,2,7543,158,1,0,0,1,0,0,370,3563,close
derby-B-1552,-1.0,-1.0,0.09570957095709573,0.08480126588811351,0.08480126588811351,-0.8085808580858086,1.0,151,0.4081632653061225,0.41452991452991456,3,2,8134,3064,1,0,0,1,0,0,241,6969,open
derby-B-1219,-1.0,-1.0,0.09570957095709573,0.08480126588811351,0.08480126588811351,-0.8085808580858086,1.0,235,0.308584686774942,1.0268817204301075,13,2,8134,3064,1,0,0,1,0,0,610,6969,close
derby-B-1562,0.0,-1.0,0.1,0.023834639568557327,0.023834639568557327,-0.8,1.0,151,0.5642857142857143,0.3012048192771085,6,2,8134,3064,1,0,0,1,0,0,241,6969,open
tomcat-B-1111,0.0,-1.0,0.25,0.2965217876264129,0.2965217876264129,-0.5,1.0,39,0.5792580101180439,0.8666666666666667,22,3,17709,2264,1,0,0,1,0,0,57,6058,open
derby-B-1257,-1.0,-1.0,0.0,0.08480126588811351,0.08480126588811351,-1.0,1.0,235,0.7772020725388601,0.5825242718446602,6,2,8059,2971,1,0,0,1,1,0,610,6969,open
derby-B-120,-1.0,-1.0,0.01098901098901099,4.9971618126111155e-05,4.9971618126111155e-05,-0.978021978021978,1.0,16,0.4928131416837782,0.3226837060702875,23,2,8134,3064,1,0,0,1,0,27,41,6969,close
derby-B-1307,-1.0,-1.0,0.09570957095709573,0.08480126588811351,0.08480126588811351,-0.8085808580858086,1.0,235,0.5561797752808989,0.4245283018867925,6,2,8134,3064,1,0,0,1,0,0,610,6969,close
derby-B-345,-1.0,-1.0,0.2,0.03272016230873249,0.03272016230873249,-0.6,0.5833333333333334,56,0.3137254901960784,0.32706766917293234,11,2,7791,2804,1,0,0,1,0,0,3,6626,close
derby-B-1712,-1.0,-1.0,0.01098901098901099,4.9971618126111155e-05,4.9971618126111155e-05,-0.978021978021978,1.0,38,0.4974747474747474,0.5398230088495575,21,2,8134,3064,1,0,0,1,0,0,0,6969,close
derby-B-1564,-1.0,-1.0,0.007874015748031496,4.9971618126111155e-05,4.9971618126111155e-05,-0.9842519685039368,1.0,151,0.2151639344262295,0.2132132132132132,15,2,8134,3064,1,0,0,1,0,0,241,6969,open
derby-B-1593,-1.0,-0.6,0.0,0.018972308598876112,0.018972308598876112,-1.0,1.0,151,0.373046875,0.2901353965183752,16,2,8134,3064,1,0,0,1,0,2,241,6969,open
derby-B-205,0.0,-1.0,0.07865168539325842,0.03272016230873249,0.03272016230873249,-0.8426966292134831,1.0,88,0.8876262626262627,0.6934673366834171,21,3,7791,2804,1,0,0,1,0,0,1,3703,open
lucene-solr-B-1828,0.0,0.0,0.3191489361702128,0.4843410085820645,0.4843410085820645,-0.2765957446808511,0.2835820895522388,56,0.15112994350282485,0.15184815184815184,41,2,12763,203,1,0,0,1,0,2,177,3842,open
derby-B-1521,-1.0,-0.7777777777777778,0.09570957095709573,0.08480126588811351,0.08480126588811351,-0.8085808580858086,1.0,151,0.5752015568529331,0.4714481498401096,43,2,8134,3064,1,0,0,1,0,0,241,6969,close
derby-B-1326,-1.0,-1.0,0.09570957095709573,0.08480126588811351,0.08480126588811351,-0.8085808580858086,1.0,235,0.24852767962308606,0.6568848758465011,22,2,8134,3064,1,0,0,1,0,1,610,6969,close
derby-B-925,-1.0,-1.0,0.007874015748031496,4.9971618126111155e-05,4.9971618126111155e-05,-0.9842519685039368,1.0,55,0.17435897435897435,1.2602739726027397,27,2,8134,3064,1,0,0,1,0,0,33,6969,close
derby-B-140,-1.0,-1.0,0.03947368421052632,0.08480126588811351,0.08480126588811351,-0.9210526315789472,1.0,16,0.9933333333333332,0.7814569536423841,28,3,8134,3064,1,0,0,1,0,0,41,3006,open
ant-B-0,-1.0,-1.0,0.0,0.13360732209918794,0.13360732209918794,-1.0,1.0,146,0.3772378516624041,0.9756427604871448,60,3,13254,4548,1,0,0,1,0,46,0,8567,open
derby-B-394,-1.0,-1.0,0.09570957095709573,0.08480126588811351,0.08480126588811351,-0.8085808580858086,0.5238095238095238,56,0.9439252336448598,0.11353711790393012,20,2,7791,2804,1,0,0,1,0,0,3,6626,close
derby-B-1103,-1.0,-1.0,0.09570957095709573,0.08480126588811351,0.08480126588811351,-0.8085808580858086,1.0,52,0.6422172452407615,0.5852156057494866,18,2,8134,3064,1,0,0,1,0,7,124,6969,open
derby-B-137,-1.0,-1.0,0.25,0.081104871355322,0.081104871355322,-0.5,1.0,16,0.7766666666666666,0.7814569536423841,28,1,8134,3064,1,0,0,1,0,0,41,6969,open
derby-B-546,-1.0,-1.0,0.007874015748031496,4.9971618126111155e-05,4.9971618126111155e-05,-0.9842519685039368,1.0,53,0.3552833078101072,1.0666666666666669,22,2,8134,3064,1,0,0,1,0,0,3,6969,close
derby-B-588,-1.0,-1.0,0.01098901098901099,4.9971618126111155e-05,4.9971618126111155e-05,-0.978021978021978,1.0,53,0.4841351074718526,0.8126272912423625,42,2,8134,3064,1,0,0,1,0,0,3,1462,close
derby-B-1249,-1.0,-1.0,0.0,0.08480126588811351,0.08480126588811351,-1.0,0.675,235,0.7692307692307693,0.25146198830409355,5,3,3012,1217,1,0,0,1,0,0,610,1650,open
derby-B-1559,-1.0,-1.0,0.09570957095709573,0.08480126588811351,0.08480126588811351,-0.8085808580858086,1.0,151,0.4990706319702602,0.5778145695364238,14,2,8134,3064,1,1,0,1,0,0,241,2337,close
derby-B-604,-1.0,-1.0,0.02127659574468085,0.023834639568557327,0.023834639568557327,-0.9574468085106383,1.0,35,0.6715542521994134,0.40049751243781095,14,2,8134,3064,1,0,0,1,1,0,10,6969,open
derby-B-1469,-1.0,-1.0,0.16666666666666666,0.08480126588811351,0.08480126588811351,-0.6666666666666666,1.0,235,0.6643835616438356,0.37549019607843137,28,3,8134,3064,1,0,1,1,0,0,610,6969,open
derby-B-917,-1.0,-1.0,0.09570957095709573,0.08480126588811351,0.08480126588811351,-0.8085808580858086,1.0,55,0.5902270103886109,1.2178690874343048,187,2,8134,3064,1,0,0,1,0,0,33,6702,open
derby-B-1313,-1.0,-1.0,0.03947368421052632,0.08480126588811351,0.08480126588811351,-0.9210526315789472,1.0,235,0.1509433962264151,0.43778280542986425,41,3,8134,3064,1,0,0,1,0,91,610,3575,open
derby-B-592,-1.0,-1.0,0.01098901098901099,4.9971618126111155e-05,4.9971618126111155e-05,-0.978021978021978,1.0,53,0.7222222222222222,0.423728813559322,7,2,1710,388,1,0,0,1,0,0,3,545,close
derby-B-1724,-1.0,-1.0,0.29411764705882354,0.00544211798069462,0.00544211798069462,-0.4117647058823529,1.0,4,0.810304449648712,0.3595505617977528,10,3,3164,1348,1,1,0,1,0,0,0,1999,open
derby-B-129,-1.0,-1.0,0.01098901098901099,4.9971618126111155e-05,4.9971618126111155e-05,-0.978021978021978,1.0,16,0.5069124423963134,1.1058823529411763,9,2,4740,2001,1,0,0,1,0,0,41,3575,close
derby-B-2265,0.0,-1.0,0.0,0.081104871355322,0.081104871355322,-1.0,1.0,53,0.7068965517241379,0.2222222222222222,10,3,8134,3064,1,0,0,1,0,0,0,6969,open
derby-B-1225,-1.0,-1.0,0.0,0.08480126588811351,0.08480126588811351,-1.0,1.0,235,0.6743169398907104,0.7130890052356021,51,2,8134,3064,1,0,0,1,1,0,610,6969,open
derby-B-1268,-1.0,-1.0,0.09570957095709573,0.08480126588811351,0.08480126588811351,-0.8085808580858086,1.0,235,0.2708333333333333,0.5277296360485269,46,2,8134,3064,1,0,0,1,0,0,610,6969,close
derby-B-658,-1.0,-1.0,0.0,0.018972308598876112,0.018972308598876112,-1.0,1.0,70,0.7769784172661871,0.5189873417721519,23,2,8134,3064,1,0,0,1,0,0,68,6735,open
derby-B-1614,-1.0,-1.0,0.007874015748031496,4.9971618126111155e-05,4.9971618126111155e-05,-0.9842519685039368,1.0,151,0.5663082437275986,0.7611940298507462,11,2,8134,3064,1,0,0,1,0,0,241,6969,open
derby-B-118,-1.0,-1.0,0.007874015748031496,4.9971618126111155e-05,4.9971618126111155e-05,-0.9842519685039368,1.0,16,0.2895522388059701,1.4715447154471544,10,2,8134,3064,1,0,0,1,0,0,41,6969,close
derby-B-583,-1.0,-1.0,0.0,0.08480126588811351,0.08480126588811351,-1.0,1.0,53,0.7802547770700637,0.4307692307692308,12,2,7392,2578,1,1,0,1,0,0,3,6227,open
derby-B-1514,-1.0,-1.0,0.02608695652173913,0.08480126588811351,0.08480126588811351,-0.9478260869565216,1.0,8,0.8393665158371041,0.3071428571428572,25,3,8134,3064,1,0,0,1,0,0,0,6969,open
derby-B-1106,-1.0,-0.3877551020408163,0.16666666666666666,0.08480126588811351,0.08480126588811351,-0.6666666666666666,0.6666666666666666,52,0.9957114200733208,0.4837847262582821,297,3,8134,3064,1,0,0,1,0,116,124,846,open
cassandra-B-1259,0.0,0.0,0.0,0.42773363918857626,0.42773363918857626,-1.0,0.6,39,0.6255924170616114,0.12790697674418605,4,2,7394,117,1,0,0,1,0,0,73,763,open
jmeter-B-25,0.0,-1.0,0.02586206896551724,0.30515659998359235,0.30515659998359235,-0.9051724137931034,1.0,24,0.37373737373737376,0.6226415094339622,2,3,13325,3497,1,0,0,1,0,0,18,8567,open
derby-B-1100,-1.0,-1.0,0.007874015748031496,4.9971618126111155e-05,4.9971618126111155e-05,-0.9842519685039368,1.0,52,0.4779874213836478,1.0147058823529411,7,2,8134,3064,1,0,0,1,0,0,124,6969,open
derby-B-1273,-1.0,-1.0,0.07547169811320754,0.08480126588811351,0.08480126588811351,-0.8490566037735849,1.0,235,0.5700197238658777,0.4104234527687297,16,3,8134,3064,1,0,0,1,0,0,610,6969,open
derby-B-1716,-1.0,-1.0,0.007874015748031496,4.9971618126111155e-05,4.9971618126111155e-05,-0.9842519685039368,1.0,38,0.2575757575757576,0.5398230088495575,21,2,8134,3064,1,0,0,1,0,0,0,6969,close
derby-B-1535,-1.0,-1.0,0.007874015748031496,4.9971618126111155e-05,4.9971618126111155e-05,-0.9842519685039368,1.0,151,0.3439659755449229,0.5446685878962536,117,2,8134,3064,1,0,0,1,1,0,241,6969,close
derby-B-146,-1.0,-1.0,0.0,0.08480126588811351,0.08480126588811351,-1.0,0.19117647058823528,6,0.32261410788381745,0.7298387096774194,16,2,7791,2804,1,0,0,1,0,0,0,2844,open
derby-B-1718,-1.0,-1.0,0.007874015748031496,4.9971618126111155e-05,4.9971618126111155e-05,-0.9842519685039368,1.0,38,0.2601010101010101,0.5398230088495575,21,2,8134,3064,1,0,0,1,0,0,0,6969,close
derby-B-1563,-1.0,-1.0,0.09570957095709573,0.08480126588811351,0.08480126588811351,-0.8085808580858086,1.0,151,0.1915983606557377,0.2132132132132132,15,2,8134,3064,1,0,0,1,0,0,241,6969,open
derby-B-567,0.0,-1.0,0.045454545454545456,0.08480126588811351,0.08480126588811351,-0.9090909090909092,1.0,53,0.3242009132420091,0.4803149606299213,15,3,3075,1273,1,0,0,1,0,0,3,1910,open
derby-B-616,0.0,-1.0,0.07865168539325842,0.03272016230873249,0.03272016230873249,-0.8426966292134831,1.0,3,0.9213051823416508,0.0779510022271715,47,3,8134,3064,1,0,0,1,0,0,0,6969,open
derby-B-1087,-1.0,-1.0,0.01098901098901099,4.9971618126111155e-05,4.9971618126111155e-05,-0.978021978021978,1.0,14,0.4197080291970803,0.6642857142857143,72,2,8134,3064,1,0,0,1,0,0,98,6969,close
derby-B-1471,-1.0,-1.0,0.16666666666666666,0.08480126588811351,0.08480126588811351,-0.6666666666666666,1.0,235,0.15566625155666253,0.37549019607843137,28,3,8134,3064,1,0,0,1,0,0,610,6969,open
derby-B-1586,-1.0,-1.0,0.007874015748031496,4.9971618126111155e-05,4.9971618126111155e-05,-0.9842519685039368,1.0,151,0.34306569343065696,0.4693877551020408,7,2,8134,3064,1,0,0,1,0,0,241,6969,close
derby-B-2261,-1.0,-1.0,0.007874015748031496,4.9971618126111155e-05,4.9971618126111155e-05,-0.9842519685039368,1.0,53,0.8271604938271605,0.4318181818181818,9,2,6393,2336,1,0,0,1,0,0,0,5228,close
derby-B-1560,-1.0,-1.0,0.09570957095709573,0.08480126588811351,0.08480126588811351,-0.8085808580858086,1.0,151,0.3076208178438662,0.5778145695364238,14,2,8134,3064,1,0,0,1,0,0,241,2337,close
derby-B-293,-1.0,-1.0,0.01098901098901099,4.9971618126111155e-05,4.9971618126111155e-05,-0.978021978021978,0.6666666666666666,56,0.8818770226537217,0.2879156528791565,132,2,7791,2804,1,0,0,1,0,0,3,6626,close
derby-B-1551,-1.0,-0.3333333333333333,0.0,0.08480126588811351,0.08480126588811351,-1.0,1.0,151,0.5381818181818182,0.5983606557377049,10,3,8134,3064,1,0,0,1,0,0,241,2796,open
derby-B-1596,0.0,-0.6,0.04651162790697674,0.08480126588811351,0.08480126588811351,-0.9069767441860463,1.0,151,0.22135416666666666,0.2901353965183752,16,2,8134,3064,1,0,0,1,0,2,241,6166,open
derby-B-145,-1.0,-1.0,0.02608695652173913,0.08480126588811351,0.08480126588811351,-0.9478260869565216,1.0,6,0.3360995850622407,0.7298387096774194,16,2,7791,2804,1,0,0,1,0,0,0,5748,close
derby-B-584,-1.0,-1.0,0.01098901098901099,4.9971618126111155e-05,4.9971618126111155e-05,-0.978021978021978,1.0,53,0.8152173913043478,0.13846153846153847,10,2,8134,3064,1,0,0,1,0,0,3,6969,close
derby-B-1089,-1.0,-1.0,0.01098901098901099,4.9971618126111155e-05,4.9971618126111155e-05,-0.978021978021978,1.0,14,0.3591240875912409,0.6642857142857143,72,2,8134,3064,1,0,0,1,0,0,98,6969,close
derby-B-1670,-1.0,-1.0,0.007874015748031496,4.9971618126111155e-05,4.9971618126111155e-05,-0.9842519685039368,1.0,151,0.2420382165605096,0.3640776699029126,7,2,7392,2578,1,0,0,1,0,0,241,6227,close
jmeter-B-240,-1.0,-1.0,0.05617977528089888,0.30515659998359235,0.30515659998359235,-0.8876404494382022,1.0,41,0.7955390334572491,0.4215017064846416,117,3,5492,191,1,0,1,1,0,0,118,1878,open
derby-B-1285,-1.0,-1.0,0.09570957095709573,0.08480126588811351,0.08480126588811351,-0.8085808580858086,1.0,235,0.9525395503746876,0.5887815750371471,92,2,8134,3064,1,0,0,1,0,5,610,6969,close
derby-B-1296,-1.0,-1.0,0.09570957095709573,0.08480126588811351,0.08480126588811351,-0.8085808580858086,1.0,235,0.5873821609862219,0.7316735822959889,23,2,8134,3064,1,0,0,1,1,1,610,6969,close
derby-B-1713,-1.0,-1.0,0.01098901098901099,4.9971618126111155e-05,4.9971618126111155e-05,-0.978021978021978,1.0,38,0.4722222222222222,0.5398230088495575,21,2,8134,3064,1,0,0,1,0,0,0,6969,close
derby-B-287,-1.0,-1.0,0.0,0.08480126588811351,0.08480126588811351,-1.0,0.2722222222222222,56,0.26335174953959484,0.2,32,3,7791,2804,1,0,0,1,0,0,3,6626,open
derby-B-619,-1.0,-1.0,0.0,0.081104871355322,0.081104871355322,-1.0,1.0,3,0.9558541266794626,0.0779510022271715,47,2,8134,3064,1,0,0,1,0,0,0,6969,open
derby-B-549,0.0,-1.0,0.27586206896551724,0.081104871355322,0.081104871355322,-0.4482758620689655,1.0,53,0.1483050847457627,0.4814814814814815,7,3,8134,3064,1,0,0,1,1,0,3,6969,open
derby-B-571,-1.0,-1.0,0.01098901098901099,4.9971618126111155e-05,4.9971618126111155e-05,-0.978021978021978,1.0,53,0.5102739726027398,0.8666666666666667,40,2,8134,3064,1,0,0,1,0,1,3,6969,close
derby-B-2164,-1.0,-1.0,0.09570957095709573,0.08480126588811351,0.08480126588811351,-0.8085808580858086,0.3333333333333333,53,0.3149171270718232,0.2076923076923077,7,3,5356,2097,1,0,0,1,0,0,0,4191,open
jmeter-B-24,-1.0,-1.0,0.2280701754385965,0.005381474432391197,0.005381474432391197,-0.5263157894736842,1.0,24,0.696969696969697,0.6226415094339622,2,1,13325,3497,1,0,0,1,0,0,18,3118,close
derby-B-1536,-1.0,-1.0,0.0,0.08480126588811351,0.08480126588811351,-1.0,0.3333333333333333,151,0.7735247208931421,0.5446685878962536,117,3,8134,3064,1,0,0,1,0,0,241,1334,open
derby-B-2256,0.0,-1.0,0.0,0.081104871355322,0.081104871355322,-1.0,1.0,53,0.4457831325301205,0.09523809523809523,24,3,7482,2621,1,0,0,1,1,0,0,6969,open
derby-B-1458,-1.0,-1.0,0.0,0.08480126588811351,0.08480126588811351,-1.0,1.0,235,0.4507042253521127,0.3620689655172414,5,2,7959,2897,1,0,0,1,0,0,610,6794,open
derby-B-611,-1.0,-1.0,0.01098901098901099,4.9971618126111155e-05,4.9971618126111155e-05,-0.978021978021978,0.6666666666666666,26,0.5019762845849802,0.41216216216216217,12,2,8134,3064,1,0,0,1,0,0,17,6969,open
derby-B-1595,0.0,-0.6,0.04651162790697674,0.08480126588811351,0.08480126588811351,-0.9069767441860463,1.0,151,0.19140625,0.2901353965183752,16,2,8134,3064,1,0,0,1,0,2,241,6969,open
tomcat-B-928,-1.0,-1.0,0.25,0.2452880654440269,0.2452880654440269,-0.5,0.2272727272727273,16,0.3448275862068966,0.17903930131004367,21,2,16037,1481,1,0,0,1,0,0,33,7209,close
derby-B-2263,0.0,-1.0,0.0,0.081104871355322,0.081104871355322,-1.0,1.0,53,0.4938271604938271,0.4318181818181818,9,2,6393,2336,1,0,0,1,1,0,0,5228,open
derby-B-1248,-1.0,-1.0,0.09570957095709573,0.08480126588811351,0.08480126588811351,-0.8085808580858086,0.05,235,0.5465587044534413,0.25146198830409355,5,2,3012,1217,1,0,0,1,0,0,610,1847,close
derby-B-572,-1.0,-1.0,0.007874015748031496,4.9971618126111155e-05,4.9971618126111155e-05,-0.9842519685039368,1.0,53,0.1892123287671233,0.8666666666666667,40,2,8134,3064,1,0,0,1,0,1,3,6969,close
derby-B-566,0.0,0.0,0.007874015748031496,4.9971618126111155e-05,4.9971618126111155e-05,-0.9842519685039368,0.6,53,0.4230769230769231,0.5972222222222222,8,2,1686,362,1,0,0,1,0,0,3,521,close
lucene-solr-B-434,1.0,0.5,0.3809523809523809,0.4843410085820645,0.4843410085820645,-0.047619047619047616,1.0,278,0.7210526315789474,0.5550351288056206,28,2,22821,1931,1,0,0,1,0,0,868,8097,open
lucene-solr-B-1606,0.0,0.0,0.2857142857142857,0.4070964043141743,0.4070964043141743,-0.2857142857142857,0.4444444444444444,118,0.2950191570881226,0.21164021164021168,9,2,13591,277,1,0,0,1,0,0,160,2873,close
derby-B-346,-1.0,-1.0,0.09570957095709573,0.08480126588811351,0.08480126588811351,-0.8085808580858086,0.6451612903225806,56,0.335,0.3,5,3,7791,2804,1,0,0,1,0,0,3,6621,open
commons-B-63,-1.0,-1.0,0.0,0.0,0.0,-1.0,0.09375,33,0.43426238738738737,2.025355871886121,180,3,2562,1117,1,0,0,1,0,558,1183,1227,open
derby-B-1691,-1.0,-1.0,0.007874015748031496,4.9971618126111155e-05,4.9971618126111155e-05,-0.9842519685039368,1.0,151,0.7526881720430108,0.6421052631578947,5,2,8134,3064,1,0,0,1,0,0,241,6969,open
tomcat-B-715,-1.0,-0.8461538461538461,0.07692307692307693,0.3712370758067992,0.3712370758067992,-0.8076923076923077,0.6666666666666666,6,0.5238685678859268,0.3982558139534884,81,1,17709,2264,1,0,0,1,0,0,0,9256,close
derby-B-490,-1.0,-1.0,0.09570957095709573,0.08480126588811351,0.08480126588811351,-0.8085808580858086,1.0,8,0.6003430531732419,0.3771929824561404,12,2,8134,3064,1,0,0,1,0,0,0,6969,close
derby-B-614,-1.0,-1.0,0.020833333333333332,3.2208844613994704e-05,3.2208844613994704e-05,-0.9583333333333334,1.0,3,0.6739130434782609,0.054054054054054064,4,1,8134,3064,1,0,0,1,0,0,0,6969,open
derby-B-606,-1.0,-1.0,0.01098901098901099,4.9971618126111155e-05,4.9971618126111155e-05,-0.978021978021978,0.6666666666666666,2,0.8027681660899654,0.4705882352941176,9,2,8134,3064,1,0,0,1,0,0,0,6969,close
derby-B-582,-1.0,-1.0,0.09570957095709573,0.08480126588811351,0.08480126588811351,-0.8085808580858086,0.2,53,0.5391304347826087,0.33783783783783783,5,2,4429,1876,1,0,0,1,0,0,3,3264,open
lucene-solr-B-1608,0.0,0.0,0.21739130434782608,0.4070964043141743,0.4070964043141743,-0.4239130434782609,1.0,118,0.5019157088122606,0.21164021164021168,9,3,13591,277,1,0,0,1,0,0,160,2873,open
derby-B-1704,-1.0,-1.0,0.007874015748031496,4.9971618126111155e-05,4.9971618126111155e-05,-0.9842519685039368,1.0,38,0.3323442136498516,0.21721311475409835,10,2,8134,3064,1,0,0,1,0,0,0,6969,close
derby-B-581,-1.0,-1.0,0.09570957095709573,0.08480126588811351,0.08480126588811351,-0.8085808580858086,0.13333333333333333,53,0.5304347826086957,0.33783783783783783,5,2,4429,1876,1,0,0,1,0,0,3,3264,open
derby-B-620,-1.0,-1.0,0.0,0.08480126588811351,0.08480126588811351,-1.0,1.0,3,0.5854126679462572,0.0779510022271715,47,3,8134,3064,1,0,0,1,0,0,0,6969,open
derby-B-1266,-1.0,-1.0,0.09570957095709573,0.08480126588811351,0.08480126588811351,-0.8085808580858086,1.0,235,0.3785569105691057,0.5277296360485269,46,1,8134,3064,1,0,0,1,0,0,610,2245,close
derby-B-259,0.0,-1.0,0.27586206896551724,0.081104871355322,0.081104871355322,-0.4482758620689655,1.0,4,0.8035714285714286,1.054054054054054,3,3,4197,1798,1,0,0,1,0,0,0,3032,open
derby-B-141,-1.0,-1.0,0.09570957095709573,0.08480126588811351,0.08480126588811351,-0.8085808580858086,0.6666666666666666,16,0.7142857142857143,1.3863636363636365,7,2,2927,1138,1,0,0,1,1,0,41,1762,open
derby-B-1555,-1.0,-1.0,0.01098901098901099,4.9971618126111155e-05,4.9971618126111155e-05,-0.978021978021978,1.0,151,0.7368421052631579,0.2631578947368421,6,2,8134,3064,1,0,0,1,0,0,241,6969,open
derby-B-1288,-1.0,-1.0,0.06349206349206349,0.08480126588811351,0.08480126588811351,-0.873015873015873,1.0,235,0.5087427144046628,0.5887815750371471,92,2,8134,3064,1,1,0,1,0,5,610,590,close
derby-B-292,-1.0,-1.0,0.02127659574468085,0.08480126588811351,0.08480126588811351,-0.9574468085106383,1.0,56,0.6380798274002157,0.2879156528791565,132,3,7791,2804,1,0,0,1,0,0,3,6621,open
derby-B-1590,-1.0,-1.0,0.0,0.08480126588811351,0.08480126588811351,-1.0,1.0,151,0.5662650602409639,0.4557823129251701,4,3,4429,1876,1,0,0,1,0,0,241,2491,open
derby-B-1293,-1.0,0.3333333333333333,0.02608695652173913,0.08480126588811351,0.08480126588811351,-0.9478260869565216,1.0,235,0.9845335911068148,0.484621778886118,64,3,8134,3064,1,0,0,1,0,1,610,3419,open
cassandra-B-1260,0.0,0.0,0.3461538461538461,0.42773363918857626,0.42773363918857626,-0.3076923076923077,1.0,39,0.8958333333333334,0.2424242424242425,5,3,7165,76,1,0,0,1,0,0,73,763,open
derby-B-142,-1.0,-1.0,0.07142857142857142,0.08480126588811351,0.08480126588811351,-0.8571428571428571,0.42857142857142855,16,0.5245901639344263,1.0789473684210529,9,3,8134,3064,1,0,0,1,0,0,41,1651,open
derby-B-1507,-1.0,-1.0,0.09570957095709573,0.08480126588811351,0.08480126588811351,-0.8085808580858086,0.30612244897959184,235,0.3824175824175824,0.3895131086142322,7,2,2965,1165,1,0,0,1,0,1,610,1800,close
derby-B-1231,-1.0,-1.0,0.02127659574468085,0.023834639568557327,0.023834639568557327,-0.9574468085106383,1.0,235,0.9656862745098042,0.5137614678899083,11,2,8134,3064,1,0,0,1,0,0,610,999,open
derby-B-1547,-1.0,-1.0,0.01098901098901099,4.9971618126111155e-05,4.9971618126111155e-05,-0.978021978021978,1.0,151,0.8642857142857143,0.5771812080536913,12,2,8134,3064,1,0,0,1,0,0,241,6969,close
derby-B-1512,-1.0,-1.0,0.0,0.023834639568557327,0.023834639568557327,-1.0,0.4864864864864865,8,0.541507024265645,0.608922638822971,166,1,8134,3064,1,0,0,1,0,0,0,6969,open
derby-B-1132,-0.3333333333333333,-0.3877551020408163,0.0,0.08480126588811351,0.08480126588811351,-1.0,1.0,52,0.44628899495054297,0.4837847262582821,297,2,8134,3064,1,0,0,1,0,116,124,6969,open
tomcat-B-716,-1.0,-0.3333333333333333,0.3333333333333333,0.14753001392947815,0.14753001392947815,-0.3333333333333333,1.0,6,0.2490421455938697,0.3135755258126195,52,2,17709,2264,1,0,0,1,0,0,0,9256,open
derby-B-1531,-1.0,-1.0,0.01098901098901099,4.9971618126111155e-05,4.9971618126111155e-05,-0.978021978021978,1.0,151,0.3503455608718767,0.5446685878962536,117,2,8134,3064,1,0,0,1,0,0,241,6969,close
derby-B-548,-0.5,-1.0,0.07142857142857142,0.081104871355322,0.081104871355322,-0.8571428571428571,1.0,53,0.20903522205206732,1.0666666666666669,22,3,8134,3064,1,0,0,1,0,0,3,6969,open
derby-B-1228,-1.0,-1.0,0.0,0.08480126588811351,0.08480126588811351,-1.0,1.0,235,0.6379794200187091,0.5847457627118644,23,2,8134,3064,1,0,0,1,0,0,610,6969,open
derby-B-1272,-1.0,-1.0,0.06349206349206349,0.08480126588811351,0.08480126588811351,-0.873015873015873,1.0,235,0.8017751479289941,0.4104234527687297,16,3,8134,3064,1,0,0,1,0,0,610,4742,open
derby-B-1310,0.0,-1.0,0.09570957095709573,0.08480126588811351,0.08480126588811351,-0.8085808580858086,0.32,235,0.4440700808625337,0.43778280542986425,41,2,8134,3064,1,0,0,1,0,91,610,12,open
derby-B-109,-1.0,-1.0,0.01098901098901099,4.9971618126111155e-05,4.9971618126111155e-05,-0.978021978021978,1.0,16,0.5082417582417582,0.4537037037037037,20,2,8134,3064,1,0,0,1,0,0,41,6969,close
derby-B-516,-1.0,-1.0,0.007874015748031496,4.9971618126111155e-05,4.9971618126111155e-05,-0.9842519685039368,1.0,39,0.14452709883103082,0.8533333333333334,40,2,8134,3064,1,0,0,1,0,0,0,6969,close
derby-B-149,-0.5,-1.0,0.07142857142857142,0.081104871355322,0.081104871355322,-0.8571428571428571,0.625,6,0.5461165048543689,0.7058823529411765,13,3,7791,2804,1,0,0,1,0,0,0,6626,open
derby-B-1309,-1.0,-1.0,0.16666666666666666,0.08480126588811351,0.08480126588811351,-0.6666666666666666,0.4137931034482759,235,0.6192722371967655,0.43778280542986425,41,3,8134,3064,1,0,0,1,0,91,610,1754,open
derby-B-1345,-1.0,-1.0,0.09570957095709573,0.08480126588811351,0.08480126588811351,-0.8085808580858086,1.0,235,0.9394076418720324,0.5846464646464646,124,2,8134,3064,1,0,0,1,1,18,610,6969,close
derby-B-304,-1.0,-0.9473684210526316,0.09570957095709573,0.08480126588811351,0.08480126588811351,-0.8085808580858086,1.0,56,0.921968787515006,0.5530101225359616,129,2,7791,2804,1,0,0,1,0,0,3,6626,open
derby-B-2118,-1.0,-1.0,0.007874015748031496,4.9971618126111155e-05,4.9971618126111155e-05,-0.9842519685039368,0.7142857142857143,53,0.25116279069767444,0.6097560975609756,5,2,8134,3064,1,0,0,1,0,0,0,6969,close
derby-B-1278,-1.0,-1.0,0.07547169811320754,0.08480126588811351,0.08480126588811351,-0.8490566037735849,1.0,235,0.9401709401709402,0.4057971014492754,3,3,8134,3064,1,0,0,1,0,0,610,6969,open
derby-B-591,-1.0,-1.0,0.007874015748031496,4.9971618126111155e-05,4.9971618126111155e-05,-0.9842519685039368,1.0,53,0.195496417604913,0.8126272912423625,42,2,8134,3064,1,0,0,1,0,0,3,1462,open
derby-B-515,-1.0,-1.0,0.01098901098901099,4.9971618126111155e-05,4.9971618126111155e-05,-0.978021978021978,1.0,39,0.2933049946865037,0.8533333333333334,40,2,8134,3064,1,0,0,1,0,0,0,6969,close
derby-B-1200,-1.0,-1.0,0.02608695652173913,0.08480126588811351,0.08480126588811351,-0.9478260869565216,0.3333333333333333,52,0.5120967741935484,0.38926174496644295,4,2,1710,388,1,0,0,1,0,0,124,545,open
derby-B-1723,-1.0,-1.0,0.29411764705882354,0.00544211798069462,0.00544211798069462,-0.4117647058823529,1.0,4,0.9186182669789228,0.3595505617977528,10,3,3164,1348,1,1,0,1,0,0,0,1999,open
derby-B-286,-1.0,-1.0,0.05,0.081104871355322,0.081104871355322,-0.9,1.0,56,0.6068965517241379,0.47560975609756106,5,2,5586,2137,1,1,0,1,0,0,3,3219,open
derby-B-587,-1.0,-1.0,0.01098901098901099,4.9971618126111155e-05,4.9971618126111155e-05,-0.978021978021978,1.0,53,0.47389969293756395,0.8126272912423625,42,2,8134,3064,1,0,0,1,0,0,3,6969,close
derby-B-1470,-1.0,-1.0,0.16666666666666666,0.08480126588811351,0.08480126588811351,-0.6666666666666666,1.0,235,0.13947696139476962,0.37549019607843137,28,3,8134,3064,1,0,0,1,0,0,610,6969,open
derby-B-2548,-1.0,-1.0,0.03947368421052632,0.08480126588811351,0.08480126588811351,-0.9210526315789472,1.0,16,0.6472081218274112,0.4279475982532751,27,3,2319,755,1,0,0,1,0,0,0,1154,open
derby-B-199,-1.0,0.0,0.0,0.08480126588811351,0.08480126588811351,-1.0,0.4642857142857143,88,0.957796852646638,0.2082139446036294,76,2,7791,2804,1,0,0,1,0,0,1,6626,open
derby-B-196,-1.0,-1.0,0.0,0.018972308598876112,0.018972308598876112,-1.0,1.0,88,0.04239256678281069,0.18438003220611915,83,3,7791,2804,1,0,0,1,0,0,1,6626,open
derby-B-1209,0.0,-1.0,0.1,0.023834639568557327,0.023834639568557327,-0.8,1.0,235,0.2270531400966184,0.13291139240506328,17,2,8134,3064,1,0,0,1,0,0,610,6969,open
derby-B-608,-0.5,-1.0,0.07142857142857142,0.081104871355322,0.081104871355322,-0.8571428571428571,1.0,26,1.6702127659574468,0.23728813559322035,14,3,8134,3064,1,0,0,1,0,0,17,6969,open
derby-B-238,-1.0,-1.0,0.007874015748031496,4.9971618126111155e-05,4.9971618126111155e-05,-0.9842519685039368,0.8333333333333334,88,0.9783889980353636,0.3577981651376147,27,2,7791,2804,1,0,0,1,0,0,1,6626,close
derby-B-1539,0.0,-1.0,0.0,0.08480126588811351,0.08480126588811351,-1.0,1.0,151,0.2822966507177033,0.5446685878962536,117,3,8134,3064,1,0,0,1,0,0,241,6969,open
derby-B-2262,-1.0,-1.0,0.007874015748031496,4.9971618126111155e-05,4.9971618126111155e-05,-0.9842519685039368,1.0,53,0.8148148148148148,0.4318181818181818,9,2,6393,2336,1,0,0,1,0,0,0,5228,close
lucene-solr-B-1838,0.0,0.0,0.1746031746031746,0.11778620008148095,0.11778620008148095,-0.32275132275132273,1.0,87,0.8095238095238095,0.9285714285714286,3,3,14286,326,1,0,0,1,1,0,113,3568,open
derby-B-1532,-1.0,-1.0,0.01098901098901099,4.9971618126111155e-05,4.9971618126111155e-05,-0.978021978021978,1.0,151,0.35353535353535354,0.5446685878962536,117,2,8134,3064,1,0,0,1,0,0,241,6969,close
derby-B-590,-1.0,-1.0,0.007874015748031496,4.9971618126111155e-05,4.9971618126111155e-05,-0.9842519685039368,1.0,53,0.19447287615148406,0.8126272912423625,42,2,8134,3064,1,0,0,1,0,0,3,6969,close
derby-B-1224,-1.0,-1.0,0.0,0.08480126588811351,0.08480126588811351,-1.0,1.0,235,0.6885245901639344,0.7130890052356021,51,2,8134,3064,1,0,0,1,1,0,610,6969,open
jmeter-B-239,-1.0,-1.0,0.2280701754385965,0.005381474432391197,0.005381474432391197,-0.5263157894736842,0.1176470588235294,41,0.9252136752136751,0.6991869918699187,15,1,7508,1056,1,1,0,1,0,0,118,2456,close
derby-B-1291,-1.0,-1.0,0.02127659574468085,0.023834639568557327,0.023834639568557327,-0.9574468085106383,1.0,235,0.6108041743400859,0.7086247086247086,39,2,8134,3064,1,0,0,1,1,0,610,6969,close
derby-B-261,-1.0,-1.0,0.02608695652173913,0.08480126588811351,0.08480126588811351,-0.9478260869565216,1.0,56,0.1947743467933492,1.0100502512562817,23,2,7142,2503,1,0,0,1,0,0,3,4085,close
derby-B-561,-1.0,-1.0,0.01098901098901099,4.9971618126111155e-05,4.9971618126111155e-05,-0.978021978021978,1.0,53,0.636,0.7622950819672131,8,2,8134,3064,1,0,0,1,0,0,3,6969,close
derby-B-518,-1.0,-1.0,0.03947368421052632,0.08480126588811351,0.08480126588811351,-0.9210526315789472,1.0,39,0.6734693877551021,1.1694915254237288,8,3,8134,3064,1,0,0,1,0,0,0,6969,open
derby-B-1456,-1.0,-1.0,0.09570957095709573,0.08480126588811351,0.08480126588811351,-0.8085808580858086,0.2222222222222222,235,0.8603351955307262,0.7303370786516854,8,2,4429,1876,1,0,0,1,0,0,610,3264,close
cassandra-B-667,0.0,0.0,0.5833333333333334,0.011861908794940493,0.011861908794940493,0.16666666666666666,1.0,46,0.1721183800623053,0.10698689956331878,21,1,6974,51,1,0,0,1,0,0,130,3665,open
derby-B-607,-1.0,-1.0,0.0,0.081104871355322,0.081104871355322,-1.0,1.0,2,0.8650519031141869,0.4705882352941176,9,3,8134,3064,1,0,0,1,1,0,0,6969,open
